Id,R,Nome,Squadra,Pg,Mv,Mf,Gf,Gs,Rp,Rc,R+,R-,Ass,Asf,Amm,Esp,Au
3,P,RADUNOVIC,Verona,3,5.83,3,0,8,0,0,0,0,0,0,1,0,0
4,P,SPORTIELLO,Atalanta,6,6.17,5.33,0,5,0,0,0,0,0,0,0,0,0
5,D,ALMICI,Verona,0,0,0,0,0,0,0,0,0,0,0,0,0,0
11,D,CONTI,Milan,23,5.69,5.6,0,0,0,0,0,0,2,0,8,0,0
15,D,MASIELLO,Genoa,22,5.8,5.73,0,0,0,0,0,0,1,0,5,0,0
20,C,CIGARINI,Cagliari,22,6.02,5.98,0,0,0,0,0,0,1,2,6,1,0
21,C,D'ALESSANDRO,SPAL,15,5.87,6.2,2,0,0,0,0,0,0,0,0,1,0
22,C,DE ROON,Atalanta,35,5.97,6.06,2,0,0,0,0,0,5,0,12,0,1
26,C,GOMEZ,Atalanta,36,6.71,7.62,7,0,0,0,0,0,12,1,2,0,0
27,C,GRASSI,Parma,16,5.93,6,1,0,0,0,0,0,1,0,6,0,0
28,C,KURTIC,Parma,36,5.92,6.14,4,0,0,0,0,0,1,0,10,0,0
40,P,DA COSTA,Bologna,1,6,5,0,1,0,0,0,0,0,0,0,0,0
41,P,MIRANTE,Roma,5,6.5,5.5,0,5,0,0,0,0,0,0,0,0,0
42,P,SARR M.,Bologna,0,0,0,0,0,0,0,0,0,0,0,0,0,0
45,D,FERRARI A.,Sampdoria,12,5.83,5.67,0,0,0,0,0,0,0,0,4,0,0
47,D,GASTALDELLO,Brescia,8,5.5,5.43,0,0,0,0,0,0,0,0,1,0,0
50,D,MBAYE,Bologna,20,5.63,5.61,0,0,0,0,0,0,2,0,5,0,0
54,D,ROSSETTINI,Lecce,26,5.67,5.62,0,0,0,0,0,0,1,0,5,0,0
57,C,CRISETIG,Bologna,0,0,0,0,0,0,0,0,0,0,0,0,0,0
58,C,DIAWARA,Roma,22,6.02,6.08,0,0,0,1,1,0,0,0,4,0,0
60,C,RIZZO,Bologna,0,0,0,0,0,0,0,0,0,0,0,0,0,0
65,C,MANCOSU,Lecce,33,6.09,7.2,5,0,0,11,9,2,2,0,3,0,0
73,D,GAGLIOLO,Parma,32,6,6.27,3,0,0,0,0,0,2,1,7,0,0
81,C,DI GAUDIO,Verona,0,0,0,0,0,0,0,0,0,0,0,0,0,0
84,D,MARRONE,Verona,0,0,0,0,0,0,0,0,0,0,0,0,0,0
90,A,LASAGNA,Udinese,36,5.86,6.71,10,0,0,0,0,0,1,0,1,0,0
92,A,MATOS,Udinese,0,0,0,0,0,0,0,0,0,0,0,0,0,0
97,P,SECULIN,Sampdoria,0,0,0,0,0,0,0,0,0,0,0,0,0,0
99,D,CACCIATORE,Cagliari,16,5.67,5.57,0,0,0,0,0,0,0,0,1,1,0
106,D,MATTIELLO,Cagliari,18,6,5.97,0,0,0,0,0,0,1,0,3,0,0
111,C,BIRSA,Cagliari,13,5.72,5.67,0,0,0,0,0,0,0,0,1,0,0
112,C,CASTRO,SPAL,22,5.95,6.19,2,0,0,0,0,0,0,0,2,0,0
118,C,RADOVANOVIC,Genoa,19,5.84,5.75,0,0,0,0,0,0,0,0,3,0,0
123,A,INGLESE,Parma,17,5.81,6.34,4,0,0,1,0,1,0,0,1,0,0
126,A,PALOSCHI,Cagliari,17,5.54,5.54,0,0,0,0,0,0,0,0,0,0,0
133,P,SKORUPSKI,Bologna,37,5.99,4.31,0,64,1,0,0,0,0,0,2,0,0
139,D,DERMAKU,Parma,16,6.07,6,0,0,0,0,0,0,0,0,2,0,0
140,D,HYSAJ,Napoli,20,5.87,6.05,1,0,0,0,0,0,2,0,3,0,0
141,D,LAURINI,Parma,15,5.73,5.73,0,0,0,0,0,0,2,0,4,0,0
142,D,MARIO RUI,Napoli,24,5.85,5.74,0,0,0,0,0,0,1,1,9,0,0
144,D,TONELLI,Sampdoria,9,5.83,5.61,0,0,0,0,0,0,0,0,4,0,0
148,C,KRUNIC,Milan,15,5.77,5.73,0,0,0,0,0,0,1,0,3,0,0
150,C,SAPONARA,Lecce,17,6,6.47,2,0,0,0,0,0,3,0,3,0,0
152,C,ZIELINSKI,Napoli,37,5.99,6.18,2,0,0,0,0,0,3,0,4,0,0
159,P,SEPE,Parma,34,6.26,4.96,0,53,3,0,0,0,0,0,1,0,0
169,D,TOMOVIC,SPAL,23,5.52,5.31,0,0,0,0,0,0,1,0,5,1,1
170,C,BADELJ,Fiorentina,22,5.65,5.72,1,0,0,0,0,0,0,0,1,1,0
172,C,BORJA VALERO,Inter,19,6.1,6.4,2,0,0,0,0,0,0,0,4,0,0
173,C,CAPEZZI,Sampdoria,0,0,0,0,0,0,0,0,0,0,0,0,0,0
177,A,ILICIC,Atalanta,26,6.56,8.46,15,0,0,0,0,0,3,1,1,1,0
179,C,PETRICCIONE,Lecce,31,5.92,5.85,0,0,0,0,0,0,3,0,10,0,0
181,C,VECINO,Inter,20,5.97,6.25,2,0,0,0,0,0,1,0,4,0,0
183,A,BABACAR,Lecce,25,5.67,5.71,3,0,0,2,0,2,0,0,4,0,0
184,C,BERNARDESCHI,Juventus,29,5.5,5.56,1,0,0,0,0,0,1,0,6,0,0
186,A,REBIC,Milan,26,6.3,7.8,11,0,0,0,0,0,2,0,5,0,0
216,P,DONNARUMMA AN.,Milan,0,0,0,0,0,0,0,0,0,0,0,0,0,0
218,P,PERIN,Genoa,21,6.12,4.29,0,38,0,0,0,0,0,0,1,0,0
220,P,UJKANI,Torino,1,6.5,3.5,0,3,0,0,0,0,0,0,0,0,0
224,D,DE MAIO,Udinese,21,5.89,5.86,0,0,0,0,0,0,0,0,1,0,0
226,D,IZZO,Torino,31,5.79,5.74,1,0,0,0,0,0,0,0,5,2,0
234,C,KUCKA,Parma,26,6.02,6.67,4,0,0,2,2,0,2,0,4,1,0
235,C,LAXALT,Milan,20,5.67,5.63,0,0,0,0,0,0,1,0,4,0,0
236,C,LAZOVIC,Verona,38,6.2,6.57,3,0,0,0,0,0,7,0,4,0,0
237,C,PEROTTI,Roma,21,6.03,7,1,0,0,4,4,0,2,1,3,1,0
238,C,RINCON,Torino,32,5.87,5.85,1,0,0,0,0,0,2,0,11,0,0
241,C,TACHTSIDIS,Lecce,28,5.54,5.48,0,0,0,0,0,0,2,0,5,1,0
244,D,GHIGLIONE,Genoa,25,5.91,6.04,0,0,0,0,0,0,5,0,4,0,0
245,A,PANDEV,Genoa,34,6.28,7.19,9,0,0,0,0,0,2,0,4,1,0
247,A,PAVOLETTI,Cagliari,2,5.5,5.5,0,0,0,0,0,0,0,0,0,0,0
248,P,BERNI,Inter,0,0,0,0,0,0,0,0,0,0,0,0,0,0
250,P,HANDANOVIC,Inter,35,6.16,5.3,0,32,1,0,0,0,0,0,2,0,0
252,D,BIRAGHI,Inter,25,5.98,6.43,2,0,0,0,0,0,6,0,3,0,0
253,D,D'AMBROSIO,Inter,22,6.08,6.58,4,0,0,0,0,0,0,0,6,0,0
254,D,DIMARCO,Verona,16,6,5.94,0,0,0,0,0,0,1,1,1,0,1
256,D,JUAN JESUS,Roma,4,5,4.67,0,0,0,0,0,0,0,0,2,0,0
259,D,MURILLO,Sampdoria,10,5.5,5.33,0,0,0,0,0,0,0,0,1,1,0
261,D,RANOCCHIA,Inter,7,6.21,6,0,0,0,0,0,0,0,0,3,0,0
262,D,SANTON,Roma,15,5.73,5.59,0,0,0,0,0,0,0,0,4,0,0
264,C,BESSA,Verona,0,0,0,0,0,0,0,0,0,0,0,0,0,0
265,C,BROZOVIC,Inter,32,6.28,6.58,3,0,0,0,0,0,5,0,9,0,0
272,C,MEDEL,Bologna,23,5.91,5.65,0,0,0,0,0,0,0,0,10,1,0
277,A,ICARDI,Inter,0,0,0,0,0,0,0,0,0,0,0,0,0,0
280,A,PALACIO,Bologna,35,6.09,6.72,7,0,0,0,0,0,3,0,5,0,0
281,A,PUSCAS,Inter,0,0,0,0,0,0,0,0,0,0,0,0,0,0
282,P,BUFFON,Juventus,9,6.11,5,0,10,0,0,0,0,0,0,0,0,0
286,D,BONUCCI,Juventus,35,6.27,6.4,3,0,0,0,0,0,0,0,9,0,0
287,D,CACERES,Fiorentina,27,5.98,5.91,1,0,0,0,0,0,0,0,8,1,0
288,D,CHIELLINI,Juventus,4,6.12,6.88,1,0,0,0,0,0,0,0,0,0,0
294,D,RUGANI,Juventus,10,5.31,5.19,0,0,0,0,0,0,0,0,2,0,0
295,D,ASAMOAH,Inter,8,6.12,6.19,0,0,0,0,0,0,1,0,1,0,0
299,C,KHEDIRA,Juventus,12,5.92,5.88,0,0,0,0,0,0,1,0,3,0,0
305,C,STURARO,Genoa,16,5.78,5.81,1,0,0,0,0,0,1,0,7,0,0
306,A,CERRI,SPAL,19,5.73,6.07,2,0,0,0,0,0,0,0,2,0,0
309,A,DYBALA,Juventus,33,6.67,7.84,10,0,0,1,1,0,5,2,5,0,0
311,A,LLORENTE,Napoli,17,6.05,6.91,3,0,0,0,0,0,1,0,1,0,0
312,A,MANDZUKIC,Juventus,0,0,0,0,0,0,0,0,0,0,0,0,0,0
315,A,ZAZA,Torino,24,5.87,6.54,6,0,0,0,0,0,1,0,7,0,0
316,P,BERISHA E.,SPAL,26,6.31,4.6,0,44,0,0,0,0,0,0,1,0,0
317,P,GUERRIERI,Lazio,0,0,0,0,0,0,0,0,0,0,0,0,0,0
318,P,MARCHETTI,Genoa,0,0,0,0,0,0,0,0,0,0,0,0,0,0
322,D,DE VRIJ,Inter,34,6.29,6.6,4,0,0,0,0,0,1,0,5,0,0
327,D,PATRIC,Lazio,21,5.83,5.74,0,0,0,0,0,0,0,0,2,1,0
329,D,RADU,Lazio,29,5.93,5.9,1,0,0,0,0,0,0,0,8,0,0
331,C,BIGLIA,Milan,14,5.39,5.28,0,0,0,0,0,0,1,0,4,0,0
332,C,CANDREVA,Inter,32,6.22,6.87,5,0,0,0,0,0,5,2,5,0,0
333,C,CATALDI,Lazio,21,6.09,6.22,1,0,0,0,0,0,0,0,3,0,0
338,C,LULIC,Lazio,20,5.95,5.9,0,0,0,0,0,0,2,0,6,0,0
342,C,PAROLO,Lazio,29,5.86,5.82,1,0,0,0,0,0,0,0,8,0,0
350,P,DONNARUMMA G.,Milan,36,6.26,5.39,0,42,4,0,0,0,0,0,3,0,0
357,D,CALABRIA,Milan,25,5.76,5.8,1,0,0,0,0,0,1,0,2,2,0
358,D,DE SCIGLIO,Juventus,9,6,5.93,0,0,0,0,0,0,0,0,1,0,0
365,D,ZAPATA C.,Genoa,20,5.66,5.61,1,0,0,0,0,0,0,0,4,0,1
366,C,BERTOLACCI,Sampdoria,12,5.95,5.8,0,0,0,0,0,0,0,0,3,0,0
367,C,BONAVENTURA,Milan,29,6.12,6.62,3,0,0,0,0,0,5,0,2,0,0
374,C,POLI,Bologna,28,5.91,6.04,2,0,0,0,0,0,0,0,5,0,0
375,C,SUSO,Milan,16,5.72,5.97,1,0,0,0,0,0,2,0,2,0,0
376,C,VERDI,Torino,33,5.89,6.2,2,0,0,0,0,0,3,3,4,0,0
380,A,MATRI,Sassuolo,8,5.67,5.33,0,0,0,0,0,0,0,0,1,1,0
383,A,PETAGNA,SPAL,36,5.93,6.72,7,0,0,7,5,2,1,0,5,0,0
385,P,GABRIEL,Lecce,34,6.24,4.06,0,76,2,0,0,0,0,0,4,0,1
386,P,RAFAEL CABRAL,Sampdoria,0,0,0,0,0,0,0,0,0,0,0,0,0,0
387,P,REINA,Milan,1,6.5,8.5,0,1,1,0,0,0,0,0,0,0,0
390,D,GHOULAM,Napoli,9,5.94,5.94,0,0,0,0,0,0,0,1,2,0,0
392,D,KOULIBALY,Napoli,25,5.88,5.62,0,0,0,0,0,0,0,0,7,1,1
393,D,LUPERTO,Napoli,9,5.64,5.5,0,0,0,0,0,0,0,0,2,0,0
395,D,STRINIC,Milan,0,0,0,0,0,0,0,0,0,0,0,0,0,0
397,C,ALLAN,Napoli,23,5.91,6.26,2,0,0,0,0,0,1,0,3,0,0
405,C,VALDIFIORI,SPAL,22,5.79,5.81,0,0,0,0,0,0,2,1,5,0,0
406,C,CALLEJON,Napoli,33,5.95,6.52,4,0,0,0,0,0,6,1,2,0,0
407,A,GABBIADINI,Sampdoria,33,6.09,7.12,10,0,0,1,1,0,1,0,2,0,0
408,A,HIGUAIN,Juventus,32,6.08,6.95,8,0,0,0,0,0,3,0,2,0,0
409,A,INSIGNE,Napoli,37,6.19,6.93,3,0,0,5,5,0,2,2,1,0,0
410,A,MERTENS,Napoli,31,6.18,7.16,9,0,0,0,0,0,6,0,5,0,0
412,P,COLOMBI,Parma,4,6.25,5.25,0,4,0,0,0,0,0,0,0,0,0
418,D,GOLDANIGA,Genoa,13,5.59,5.68,1,0,0,0,0,0,0,0,4,0,0
423,D,RISPOLI,Lecce,28,5.66,5.54,0,0,0,0,0,0,0,0,6,0,0
430,C,BRUGMAN,Parma,22,6,5.95,0,0,0,0,0,0,1,0,5,0,0
433,C,HILJEMARK,Genoa,0,0,0,0,0,0,0,0,0,0,0,0,0,0
434,C,JAJALO,Udinese,26,5.94,5.77,0,0,0,0,0,0,0,0,6,1,0
438,C,RIGONI L,Parma,0,0,0,0,0,0,0,0,0,0,0,0,0,0
441,A,BELOTTI,Torino,36,6.16,7.41,9,0,0,8,7,1,3,0,4,0,1
447,A,LA GUMINA,Sampdoria,5,5.67,5.67,0,0,0,0,0,0,0,0,0,0,0
453,P,SZCZESNY,Juventus,29,6.19,5.14,0,33,1,0,0,0,0,0,1,0,0
454,D,CAPRADOSSI,Roma,0,0,0,0,0,0,0,0,0,0,0,0,0,0
457,D,CRESCENZI,Verona,0,0,0,0,0,0,0,0,0,0,0,0,0,0
459,D,MANOLAS,Napoli,26,5.98,6.42,4,0,0,0,0,0,0,0,2,0,0
460,D,ROMAGNOLI,Milan,35,6.11,6.14,1,0,0,0,0,0,0,0,4,0,0
464,D,FLORENZI,Roma,14,6,5.88,0,0,0,0,0,0,1,0,5,0,0
467,C,NAINGGOLAN,Cagliari,26,6.4,7.19,6,0,0,0,0,0,5,0,5,0,0
469,C,PJANIC,Juventus,30,6.22,6.53,3,0,0,0,0,0,3,2,10,0,0
472,A,DESTRO,Genoa,13,5.67,5.61,0,0,0,0,0,0,0,0,2,0,0
474,A,GERVINHO,Parma,31,5.95,6.63,7,0,0,1,0,1,4,0,3,0,0
475,A,IAGO FALQUE,Genoa,14,5.85,6.08,0,0,0,3,2,1,0,0,0,0,0
479,A,SANABRIA,Genoa,24,6,6.8,6,0,0,0,0,0,2,0,3,0,0
487,D,DE SILVESTRI,Torino,29,5.77,5.73,0,0,0,0,0,0,0,0,2,0,0
490,D,REGINI,Parma,5,5.88,5.88,0,0,0,0,0,0,0,0,0,0,0
491,D,SALAMON,SPAL,7,5.6,5.5,0,0,0,0,0,0,0,0,1,0,0
493,D,ZUKANOVIC,SPAL,3,5.67,5.5,0,0,0,0,0,0,0,0,1,0,0
494,C,BARRETO,Sampdoria,2,5.5,5.5,0,0,0,0,0,0,0,0,0,0,0
495,A,CORREA,Lazio,30,6.27,7.13,9,0,0,1,0,1,2,0,0,0,0
505,A,BONAZZOLI,Sampdoria,19,6.22,7.19,6,0,0,0,0,0,0,0,1,0,0
507,A,MURIEL,Atalanta,34,6.32,7.98,12,0,0,7,6,1,1,0,1,0,0
509,P,CONSIGLI,Sassuolo,31,6.11,4.42,0,55,1,0,0,0,0,0,1,0,0
510,P,PEGOLO,Sassuolo,5,6.7,5.9,0,4,0,0,0,0,0,0,0,0,0
513,D,ACERBI,Lazio,36,6.26,6.43,2,0,0,0,0,0,2,0,4,0,0
517,D,DELL'ORCO,Lecce,13,5.46,5.46,0,0,0,0,0,0,1,0,0,1,0
519,D,GAZZOLA,Parma,0,0,0,0,0,0,0,0,0,0,0,0,0,0
521,D,PELUSO,Sassuolo,23,5.4,5.28,0,0,0,0,0,0,1,0,5,1,0
526,C,DUNCAN,Fiorentina,26,6.08,6.44,2,0,0,0,0,0,5,0,5,0,0
528,C,MAGNANELLI,Sassuolo,22,5.94,5.79,0,0,0,0,0,0,0,0,5,0,0
529,C,MISSIROLI,SPAL,34,5.82,5.81,1,0,0,0,0,0,0,0,7,0,0
530,C,PELLEGRINI LO.,Roma,27,6.2,6.5,1,0,0,0,0,0,7,2,6,1,0
531,A,BERARDI,Sassuolo,31,6.5,7.85,12,0,0,3,2,1,7,0,6,1,0
532,A,FALCINELLI,Bologna,0,0,0,0,0,0,0,0,0,0,0,0,0,0
533,A,FLOCCARI,SPAL,24,5.65,5.74,1,0,0,0,0,0,0,0,3,0,0
536,A,POLITANO,Napoli,26,5.93,6.27,2,0,0,0,0,0,0,2,1,0,0
537,A,SANSONE,Bologna,33,5.75,6.02,1,0,0,4,3,1,1,1,5,0,0
540,P,GOMIS A,SPAL,0,0,0,0,0,0,0,0,0,0,0,0,0,0
542,P,ICHAZO,Genoa,0,0,0,0,0,0,0,0,0,0,0,0,0,0
543,P,PADELLI,Inter,3,5.33,4,0,4,0,0,0,0,0,0,0,0,0
546,D,BRUNO PERES,Roma,16,6.03,6.47,2,0,0,0,0,0,2,0,3,0,0
550,D,MAKSIMOVIC,Napoli,22,5.86,6,1,0,0,0,0,0,1,0,2,0,0
554,D,ZAPPACOSTA,Roma,9,5.72,5.83,0,0,0,0,0,0,1,0,0,0,0
556,C,BASELLI,Torino,16,5.94,5.97,0,0,0,0,0,0,1,1,3,0,0
557,C,BENASSI,Fiorentina,18,5.84,6.09,1,0,0,0,0,0,1,0,1,0,0
568,A,QUAGLIARELLA,Sampdoria,28,6,7.04,6,0,0,7,5,2,3,0,2,0,0
570,P,KARNEZIS,Napoli,0,0,0,0,0,0,0,0,0,0,0,0,0,0
572,P,MERET,Napoli,22,6.16,4.8,0,33,1,0,0,0,0,0,0,0,0
574,P,SCUFFET,Udinese,0,0,0,0,0,0,0,0,0,0,0,0,0,0
578,D,DANILO LAR.,Bologna,30,5.95,5.97,2,0,0,0,0,0,0,0,9,1,0
581,D,FARAONI,Verona,36,6.1,6.51,5,0,0,0,0,0,2,1,6,0,0
589,C,BADU,Verona,10,5.5,5.25,0,0,0,0,0,0,0,0,2,0,0
600,C,VERRE,Verona,32,5.95,6.25,1,0,0,2,2,0,2,0,4,0,0
605,A,PERICA,Udinese,0,0,0,0,0,0,0,0,0,0,0,0,0,0
606,A,THEREAU,Fiorentina,0,0,0,0,0,0,0,0,0,0,0,0,0,0
608,A,ZAPATA D.,Atalanta,28,6.54,8.66,17,0,0,1,1,0,6,0,1,0,0
610,P,GOLLINI,Atalanta,33,6.15,4.83,0,42,0,0,0,0,0,0,3,0,0
611,P,RAFAEL,Cagliari,6,6.08,4.25,0,11,0,0,0,0,0,0,0,0,0
621,C,ROMULO,Brescia,23,5.8,6,1,0,0,0,0,0,3,0,3,0,0
627,C,IONITA,Cagliari,34,5.7,5.66,0,0,0,0,0,0,2,0,6,0,0
630,D,SALA,SPAL,16,5.57,5.54,0,0,0,0,0,0,0,0,1,0,0
631,C,VIVIANI,SPAL,0,0,0,0,0,0,0,0,0,0,0,0,0,0
632,C,ZACCAGNI,Verona,34,6.11,6.36,2,0,0,0,0,0,5,0,5,0,0
633,C,FARES,SPAL,8,5.56,5.44,0,0,0,0,0,0,0,0,2,0,0
636,A,PAZZINI,Verona,15,6.28,7.61,1,0,0,3,3,0,0,0,0,0,0
637,A,SILIGARDI,Parma,12,6.08,6.25,0,0,0,0,0,0,1,0,0,0,0
640,D,CHIRICHES,Sassuolo,9,5.61,5.61,0,0,0,0,0,0,0,0,0,0,0
643,A,DEFREL,Sassuolo,17,5.94,6.62,2,0,0,1,1,0,3,0,1,0,0
644,C,PULGAR,Fiorentina,37,6.09,6.64,0,0,0,8,7,1,0,6,9,0,0
645,C,MILINKOVIC-SAVIC,Lazio,37,6.19,6.72,7,0,0,0,0,0,3,0,9,0,0
647,A,DZEKO,Roma,35,6.59,8.01,16,0,0,0,0,0,4,0,4,0,0
652,A,KALINIC,Roma,15,6.25,7.85,5,0,0,0,0,0,1,0,1,0,0
654,P,ALASTRA,Parma,0,0,0,0,0,0,0,0,0,0,0,0,0,0
658,A,FALCO,Lecce,30,6.24,6.86,4,0,0,0,0,0,4,2,0,0,0
661,C,INIGUEZ,Udinese,0,0,0,0,0,0,0,0,0,0,0,0,0,0
662,D,ALEX SANDRO,Juventus,29,5.97,6.07,1,0,0,0,0,0,2,0,4,0,0
666,C,MACHIN,Parma,0,0,0,0,0,0,0,0,0,0,0,0,0,0
669,C,DONSAH,Bologna,0,0,0,0,0,0,0,0,0,0,0,0,0,0
673,P,PERISAN,Udinese,0,0,0,0,0,0,0,0,0,0,0,0,0,0
694,A,BAEZ,Fiorentina,0,0,0,0,0,0,0,0,0,0,0,0,0,0
695,D,TOLOI,Atalanta,33,6.18,6.35,2,0,0,0,0,0,4,0,11,0,0
696,A,BALOTELLI,Brescia,19,5.82,6.42,5,0,0,0,0,0,0,0,5,1,0
697,C,CUADRADO,Juventus,33,6.05,6.18,2,0,0,0,0,0,3,0,7,1,0
704,C,PERISIC,Inter,0,0,0,0,0,0,0,0,0,0,0,0,0,0
706,C,ANSALDI,Torino,27,6.08,6.52,4,0,0,0,0,0,4,0,9,0,0
708,D,FELIPE,SPAL,15,5.46,5.32,0,0,0,0,0,0,0,0,5,0,0
713,C,DZEMAILI,Bologna,14,5.96,6.21,1,0,0,0,0,0,1,0,2,0,0
756,A,ASENCIO,Genoa,0,0,0,0,0,0,0,0,0,0,0,0,0,0
761,P,AUDERO,Sampdoria,36,6.03,4.29,0,60,0,0,0,0,0,0,1,0,1
767,A,TUPTA,Verona,0,0,0,0,0,0,0,0,0,0,0,0,0,0
770,D,PEZZELLA GIU.,Parma,23,5.71,5.66,0,0,0,0,0,0,0,0,2,0,0
771,A,BOATENG,Fiorentina,14,5.79,5.96,1,0,0,0,0,0,0,0,2,0,0
779,C,CRISTANTE,Roma,26,5.77,5.81,1,0,0,0,0,0,2,0,7,1,0
780,D,CIONEK,SPAL,28,5.63,5.43,0,0,0,0,0,0,0,0,11,0,0
785,A,IMMOBILE,Lazio,37,6.57,9.49,22,0,0,15,14,1,7,0,8,0,0
787,D,DJIMSITI,Atalanta,34,6.07,6.21,2,0,0,0,0,0,1,0,5,0,0
788,C,FREULER,Atalanta,31,6.05,6.23,2,0,0,0,0,0,1,0,3,0,0
790,D,SAMIR,Udinese,21,5.68,5.76,1,0,0,0,0,0,0,0,3,0,0
791,D,SABELLI,Brescia,36,5.89,5.85,0,0,0,0,0,0,3,0,5,0,1
798,D,SKRINIAR,Inter,32,6.14,5.94,0,0,0,0,0,0,0,0,7,1,1
801,C,GAGLIARDINI,Inter,24,5.94,6.33,4,0,0,0,0,0,0,0,5,0,0
805,D,FIAMOZZI,Lecce,0,0,0,0,0,0,0,0,0,0,0,0,0,0
813,C,BALIC,Udinese,0,0,0,0,0,0,0,0,0,0,0,0,0,0
819,A,FAVILLI,Genoa,20,5.7,5.57,0,0,0,0,0,0,0,0,4,0,0
824,D,ADJAPONG,Verona,5,5.5,5.5,0,0,0,0,0,0,0,0,0,0,0
827,C,LOCATELLI,Sassuolo,33,6.24,6.17,0,0,0,0,0,0,4,0,9,0,1
1839,A,EDERA,Torino,13,5.61,5.83,1,0,0,0,0,0,1,0,2,1,0
1843,P,RADU I.,Parma,17,6.03,4,0,35,0,0,0,0,1,0,1,0,0
1847,D,CALDARA,Atalanta,14,5.77,5.81,0,0,0,0,0,0,1,0,1,0,0
1850,C,KESSIE',Milan,35,5.8,6.1,2,0,0,2,2,0,0,0,3,0,0
1852,D,SPINAZZOLA,Roma,24,6.25,6.43,1,0,0,0,0,0,2,0,2,0,0
1857,C,DI FRANCESCO F.,SPAL,20,5.91,6.15,2,0,0,0,0,0,0,0,4,0,0
1858,C,KREJCI,Bologna,14,5.86,6,1,0,0,0,0,0,0,0,2,0,0
1859,C,NAGY,Bologna,0,0,0,0,0,0,0,0,0,0,0,0,0,0
1864,D,BRUNO ALVES,Parma,33,5.97,5.91,0,0,0,0,0,0,0,0,4,0,0
1866,D,CEPPITELLI,Cagliari,16,6.03,6.13,2,0,0,0,0,0,0,0,5,0,1
1868,D,MURRU,Sampdoria,28,5.54,5.35,0,0,0,0,0,0,0,0,4,1,1
1869,D,PISACANE,Cagliari,30,5.74,5.71,1,0,0,0,0,0,0,0,6,1,0
1870,C,BARELLA,Inter,27,6.07,6.09,1,0,0,0,0,0,3,0,11,0,0
1871,C,DEIOLA,Lecce,11,5.8,6.05,1,0,0,0,0,0,1,0,3,0,0
1872,C,DESSENA,Brescia,24,5.71,5.81,2,0,0,0,0,0,0,0,5,1,0
1874,A,JOAO PEDRO,Cagliari,36,6.14,7.5,14,0,0,6,4,2,4,0,6,0,0
1875,C,MUNARI,Parma,0,0,0,0,0,0,0,0,0,0,0,0,0,0
1876,D,PAJAC,Genoa,11,5.65,5.6,0,0,0,0,0,0,0,0,1,0,0
1879,A,FARIAS,Lecce,18,5.89,6.11,2,0,0,0,0,0,0,0,2,1,0
1891,D,CECCHERINI,Fiorentina,15,5.85,5.7,0,0,0,0,0,0,0,0,3,0,0
1895,D,FERRARI G.,Sassuolo,23,5.91,5.84,0,0,0,0,0,0,1,0,5,0,0
1896,D,MARTELLA,Brescia,24,5.58,5.5,0,0,0,0,0,0,0,0,3,0,0
1917,P,DRAGOWSKI,Fiorentina,31,6.21,5,0,43,2,0,0,0,0,0,1,0,0
1930,P,PINSOGLIO,Juventus,1,6,6,0,0,0,0,0,0,0,0,0,0,0
1933,C,MANDRAGORA,Udinese,26,5.8,5.84,0,0,0,0,0,0,2,0,2,0,0
1934,P,STRAKOSHA,Lazio,38,6.21,5.16,0,42,1,0,0,0,0,0,2,0,0
1935,P,VARGIC,Lazio,0,0,0,0,0,0,0,0,0,0,0,0,0,0
1936,C,MINALA,Lazio,0,0,0,0,0,0,0,0,0,0,0,0,0,0
1939,A,LAPADULA,Lecce,25,6.1,7.27,9,0,0,2,2,0,0,0,8,1,0
1943,A,NESTOROVSKI,Udinese,28,5.86,6.24,3,0,0,0,0,0,1,0,4,0,0
1946,P,ARESTI,Cagliari,0,0,0,0,0,0,0,0,0,0,0,0,0,0
1958,A,CAPRARI,Parma,30,5.94,6.42,4,0,0,1,1,0,0,0,3,1,0
1974,A,SCHICK,Roma,0,0,0,0,0,0,0,0,0,0,0,0,0,0
1976,C,MAZZITELLI,Sassuolo,1,0,0,0,0,0,0,0,0,0,0,0,0,0
1978,C,SENSI,Inter,12,6.29,7.04,3,0,0,0,0,0,0,1,2,0,0
1979,D,BARRECA,Genoa,18,5.68,5.74,0,0,0,0,0,0,1,0,0,0,0
1981,A,BOYE',Torino,0,0,0,0,0,0,0,0,0,0,0,0,0,0
1982,C,PARIGINI,Genoa,0,0,0,0,0,0,0,0,0,0,0,0,0,0
1984,D,ANGELLA,Udinese,0,0,0,0,0,0,0,0,0,0,0,0,0,0
1986,C,FOFANA,Udinese,32,6.19,6.62,3,0,0,0,0,0,7,0,4,0,0
1987,C,JANKTO,Sampdoria,30,6,6.2,2,0,0,0,0,0,4,0,8,0,0
1995,C,DJURICIC,Sassuolo,29,6.15,6.7,5,0,0,0,0,0,3,0,6,0,0
1996,C,DE PAUL,Udinese,34,6.29,6.96,7,0,0,0,0,0,2,3,5,1,0
1998,A,PJACA,Juventus,0,0,0,0,0,0,0,0,0,0,0,0,0,0
1999,D,LUKAKU J.,Lazio,13,6.09,6.18,0,0,0,0,0,0,2,0,2,0,0
2002,C,CHIESA,Fiorentina,34,6.31,7.15,9,0,0,2,1,1,5,0,7,0,0
2003,C,MURGIA,SPAL,25,5.62,5.6,0,0,0,0,0,0,1,0,3,0,0
2006,D,LIROLA,Fiorentina,35,5.83,5.83,0,0,0,0,0,0,2,0,4,0,0
2007,D,WALLACE,Lazio,0,0,0,0,0,0,0,0,0,0,0,0,0,0
2008,C,LINETTY,Sampdoria,28,5.96,6.43,4,0,0,0,0,0,3,0,4,0,0
2009,C,LUKIC,Torino,30,5.72,5.74,1,0,0,0,0,0,1,0,5,1,0
2011,C,MIGUEL VELOSO,Verona,34,6.06,6.32,3,0,0,0,0,0,0,3,6,0,0
2012,A,MILIK,Napoli,26,6.1,7.27,11,0,0,0,0,0,0,0,5,0,0
2016,D,FAZIO,Roma,16,5.7,5.77,1,0,0,0,0,0,0,0,2,1,0
2038,A,PINAMONTI,Genoa,32,5.7,6.12,4,0,0,2,1,1,1,0,1,0,0
2048,A,LO FASO,Lecce,0,0,0,0,0,0,0,0,0,0,0,0,0,0
2057,C,GUSTAFSON,Torino,0,0,0,0,0,0,0,0,0,0,0,0,0,0
2061,A,SIMEONE,Cagliari,37,6.01,7.01,12,0,0,0,0,0,3,0,4,0,0
2062,D,BASTOS,Lazio,16,5.82,5.75,1,0,0,0,0,0,0,0,4,0,1
2065,C,PRAET,Sampdoria,0,0,0,0,0,0,0,0,0,0,0,0,0,0
2070,A,PETTINARI,Lecce,0,0,0,0,0,0,0,0,0,0,0,0,0,0
2073,A,RAGUSA,Verona,0,0,0,0,0,0,0,0,0,0,0,0,0,0
2075,C,CRISTOFORO,Fiorentina,1,5.5,5.5,0,0,0,0,0,0,0,0,0,0,0
2076,C,ROG,Cagliari,30,6.1,6.07,1,0,0,0,0,0,1,0,10,0,0
2077,C,PASALIC,Atalanta,35,6.15,6.88,9,0,0,0,0,0,3,0,6,0,1
2078,C,JOAO MARIO,Inter,0,0,0,0,0,0,0,0,0,0,0,0,0,0
2083,D,BIRASCHI,Genoa,24,5.65,5.46,0,0,0,0,0,0,0,0,3,1,1
2085,C,LUIS ALBERTO,Lazio,36,6.46,7.31,5,0,0,1,1,0,14,1,5,0,0
2087,D,OLIVERA M,Fiorentina,1,6.5,6.5,0,0,0,0,0,0,0,0,0,0,0
2091,P,PLIZZARI,Milan,0,0,0,0,0,0,0,0,0,0,0,0,0,0
2096,P,CUCCHIETTI,Torino,0,0,0,0,0,0,0,0,0,0,0,0,0,0
2097,A,KEAN,Juventus,0,0,0,0,0,0,0,0,0,0,0,0,0,0
2104,D,BERESZYNSKI,Sampdoria,28,5.5,5.25,0,0,0,0,0,0,0,0,10,0,1
2106,C,MOROSINI,Brescia,3,6,6,0,0,0,0,0,0,0,0,0,0,0
2116,C,FARAGO',Cagliari,21,5.82,5.84,1,0,0,0,0,0,1,0,3,0,1
2120,D,BASTONI,Inter,25,5.98,6.04,2,0,0,0,0,0,0,0,7,1,0
2127,P,SATALINO,Sassuolo,0,0,0,0,0,0,0,0,0,0,0,0,0,0
2129,D,SIMIC L,Sampdoria,0,0,0,0,0,0,0,0,0,0,0,0,0,0
2130,D,HATEBOER,Atalanta,32,5.88,5.85,0,0,0,0,0,0,4,0,10,0,0
2134,P,FALCONE,Sampdoria,2,6,3.25,0,5,0,0,0,0,0,0,1,0,0
2141,D,DEPAOLI,Sampdoria,29,5.85,5.78,0,0,0,0,0,0,1,0,7,0,0
2144,C,COULIBALY,Udinese,0,0,0,0,0,0,0,0,0,0,0,0,0,0
2146,A,HAN,Juventus,0,0,0,0,0,0,0,0,0,0,0,0,0,0
2155,A,CUTRONE,Fiorentina,19,5.94,6.64,4,0,0,0,0,0,1,0,1,0,0
2157,C,BIANCU,Cagliari,0,0,0,0,0,0,0,0,0,0,0,0,0,0
2160,D,GOSENS,Atalanta,34,6.39,7.38,9,0,0,0,0,0,7,0,3,0,0
2161,C,HAAS,Atalanta,0,0,0,0,0,0,0,0,0,0,0,0,0,0
2163,A,CORNELIUS,Parma,26,6.2,7.83,12,0,0,0,0,0,2,0,1,0,0
2164,D,MILENKOVIC,Fiorentina,37,6.18,6.46,5,0,0,0,0,0,0,0,9,0,0
2165,D,VITOR HUGO,Fiorentina,0,0,0,0,0,0,0,0,0,0,0,0,0,0
2166,C,BENTANCUR,Juventus,30,6.12,6.21,0,0,0,0,0,0,5,2,9,0,0
2167,A,ORSOLINI,Bologna,37,5.92,6.69,8,0,0,0,0,0,4,2,3,0,0
2168,D,MUSACCHIO,Milan,18,5.72,5.56,0,0,0,0,0,0,0,0,4,1,0
2169,D,RODRIGUEZ R.,Milan,5,5.8,5.8,0,0,0,0,0,0,0,0,0,0,0
2171,D,LYANCO,Torino,17,5.62,5.34,0,0,0,0,0,0,0,0,5,0,1
2172,C,BARAK,Lecce,24,5.89,6.18,2,0,0,0,0,0,1,0,1,0,0
2173,A,MALLE',Udinese,0,0,0,0,0,0,0,0,0,0,0,0,0,0
2174,D,VENUTI,Fiorentina,16,5.81,5.73,0,0,0,0,0,0,1,0,4,0,0
2175,A,ANDRE' SILVA,Milan,1,5.5,5,0,0,0,0,0,0,0,0,1,0,0
2178,P,CRAGNO,Cagliari,16,6.47,5.31,0,21,1,0,0,0,0,0,1,0,0
2179,P,SIRIGU,Torino,36,6.43,4.68,0,64,1,0,0,0,0,0,4,0,0
2180,D,KARSDORP,Roma,0,0,0,0,0,0,0,0,0,0,0,0,0,0
2181,D,PALOMINO,Atalanta,30,5.97,6.05,2,0,0,0,0,0,1,0,5,0,1
2184,D,GRAVILLON,Sassuolo,0,0,0,0,0,0,0,0,0,0,0,0,0,0
2187,C,BORINI,Verona,16,5.97,6.43,2,0,0,1,1,0,0,0,2,1,0
2188,C,MARUSIC,Lazio,15,6.14,6.54,2,0,0,0,0,0,1,0,3,0,0
2191,C,INGELSSON,Udinese,0,0,0,0,0,0,0,0,0,0,0,0,0,0
2192,D,BONIFAZI,SPAL,17,5.56,5.85,2,0,0,0,0,0,0,0,2,0,0
2193,C,GONALONS,Roma,0,0,0,0,0,0,0,0,0,0,0,0,0,0
2194,C,CALHANOGLU,Milan,35,6.3,7.24,8,0,0,1,1,0,8,1,6,0,0
2195,A,OUNAS,Napoli,0,0,0,0,0,0,0,0,0,0,0,0,0,0
2197,D,CASTAGNE,Atalanta,27,6.08,6.18,1,0,0,0,0,0,1,0,4,0,0
2200,C,DOUGLAS COSTA,Juventus,23,6.25,6.61,1,0,0,0,0,0,4,0,1,0,0
2201,C,UNDER,Roma,18,6.13,6.7,3,0,0,0,0,0,0,0,2,0,0
2205,C,BERENGUER,Torino,29,6.07,6.74,6,0,0,0,0,0,1,1,4,0,0
2208,D,JAROSZYNSKI,Genoa,0,0,0,0,0,0,0,0,0,0,0,0,0,0
2209,C,LUCAS LEIVA,Lazio,25,6.04,5.88,0,0,0,0,0,0,1,0,8,1,0
2210,C,FALLETTI,Bologna,0,0,0,0,0,0,0,0,0,0,0,0,0,0
2211,P,SILVESTRI,Verona,35,6.2,4.94,0,43,0,0,0,0,0,0,2,0,0
2212,D,VAISANEN,SPAL,0,0,0,0,0,0,0,0,0,0,0,0,0,0
2213,C,CASSATA,Genoa,24,5.66,5.66,2,0,0,0,0,0,0,0,9,2,0
2214,D,KOLAROV,Roma,32,6.02,6.52,5,0,0,4,2,2,2,1,6,0,0
2215,C,VERETOUT,Roma,33,6.28,6.75,1,0,0,5,5,0,0,0,6,0,0
2241,D,LUCIONI,Lecce,36,5.65,5.71,3,0,0,0,0,0,0,0,8,1,1
2243,C,CICIRETTI,Napoli,0,0,0,0,0,0,0,0,0,0,0,0,0,0
2246,A,CERAVOLO,Parma,0,0,0,0,0,0,0,0,0,0,0,0,0,0
2247,A,CISSE' K,Verona,0,0,0,0,0,0,0,0,0,0,0,0,0,0
2261,D,VICARI,SPAL,34,5.66,5.49,0,0,0,0,0,0,0,0,4,0,2
2263,C,LAZZARI,Lazio,32,6.19,6.16,0,0,0,0,0,0,2,0,6,0,0
2270,P,ZACCAGNO,Torino,0,0,0,0,0,0,0,0,0,0,0,0,0,0
2271,P,NICOLAS,Udinese,0,0,0,0,0,0,0,0,0,0,0,0,0,0
2274,C,VALOTI,SPAL,27,5.94,6.2,3,0,0,0,0,0,1,0,7,0,0
2279,D,ROMAGNA,Sassuolo,18,5.92,5.83,0,0,0,0,0,0,0,0,3,0,0
2280,D,NUYTINCK,Udinese,26,6.15,6.12,0,0,0,0,0,0,0,0,2,0,0
2281,A,VIDO,Atalanta,0,0,0,0,0,0,0,0,0,0,0,0,0,0
2284,A,CAICEDO,Lazio,30,6.09,6.86,9,0,0,1,0,1,1,0,7,0,0
2285,D,BANI,Bologna,27,5.96,6.19,4,0,0,0,0,0,0,0,10,1,0
2287,C,RAMIREZ,Sampdoria,26,6,6.85,4,0,0,3,3,0,2,0,5,0,0
2288,D,N'KOULOU,Torino,31,5.77,5.79,1,0,0,0,0,0,0,0,3,1,0
2289,D,DALBERT,Fiorentina,31,5.85,5.82,0,0,0,0,0,0,4,0,8,1,0
2290,C,EYSSERIC,Verona,8,5.75,5.58,0,0,0,0,0,0,0,0,2,0,0
2291,C,RODRIGUEZ T,Genoa,0,0,0,0,0,0,0,0,0,0,0,0,0,0
2294,P,CEROFOLINI,Fiorentina,0,0,0,0,0,0,0,0,0,0,0,0,0,0
2296,D,MANCINI,Roma,32,6.03,5.88,1,0,0,0,0,0,0,0,14,1,0
2297,P,ROSSI F.,Atalanta,1,6,5,0,1,0,0,0,0,0,0,0,0,0
2302,C,BEHRAMI,Genoa,17,5.74,5.62,0,0,0,0,0,0,0,0,2,1,0
2304,A,SALCEDO E.,Verona,17,6.03,6.23,1,0,0,0,0,0,0,0,0,0,0
2306,C,MATUIDI,Juventus,35,5.89,5.89,0,0,0,0,0,0,1,0,2,0,0
2309,D,PEZZELLA GER.,Fiorentina,33,6.06,6.16,3,0,0,0,0,0,0,0,12,0,0
2310,D,CANCELO,Juventus,0,0,0,0,0,0,0,0,0,0,0,0,0,0
2312,D,HRISTOV,Fiorentina,0,0,0,0,0,0,0,0,0,0,0,0,0,0
2314,C,BRLEK,Genoa,0,0,0,0,0,0,0,0,0,0,0,0,0,0
2315,D,STRYGER LARSEN,Udinese,33,6.06,6.17,1,0,0,0,0,0,3,0,5,0,0
2317,A,BRIGNOLA,Sassuolo,0,0,0,0,0,0,0,0,0,0,0,0,0,0
2318,D,ROGERIO,Sassuolo,15,6,6.07,1,0,0,0,0,0,1,0,6,0,0
2324,A,LEE,Verona,0,0,0,0,0,0,0,0,0,0,0,0,0,0
2325,A,KARAMOH,Parma,14,5.64,6,1,0,0,0,0,0,1,0,0,0,0
2327,A,STEPINSKI,Verona,21,5.88,6.46,3,0,0,0,0,0,1,0,3,1,0
2332,C,BRUNO JORDAO,Lazio,0,0,0,0,0,0,0,0,0,0,0,0,0,0
2333,A,PEDRO NETO,Lazio,0,0,0,0,0,0,0,0,0,0,0,0,0,0
2334,C,LERIS,Sampdoria,15,5.85,6.08,1,0,0,0,0,0,0,0,0,0,0
2335,D,LUIZ FELIPE,Lazio,26,6,6.04,1,0,0,0,0,0,1,0,6,0,0
2355,D,MARLON,Sassuolo,23,5.93,5.78,0,0,0,0,0,0,0,0,7,0,0
2378,C,PASTORE,Roma,11,6.06,6.06,0,0,0,0,0,0,0,0,0,0,0
2379,C,RABIOT,Juventus,28,5.91,5.93,1,0,0,0,0,0,1,0,5,1,0
2389,C,IMBULA,Lecce,3,5.67,5.67,0,0,0,0,0,0,0,0,0,0,0
2391,C,EKDAL,Sampdoria,32,5.88,5.82,0,0,0,0,0,0,2,0,8,0,0
2392,C,WALACE,Udinese,20,5.88,5.82,0,0,0,0,0,0,0,0,2,0,0
2409,C,RIBERY,Fiorentina,21,6.5,6.95,3,0,0,0,0,0,3,0,3,1,0
2446,D,DONATI,Lecce,20,5.92,5.88,1,0,0,0,0,0,0,0,4,0,1
2468,P,OSPINA,Napoli,17,6.09,5.09,0,17,0,0,0,0,0,0,0,0,0
2472,C,RAMSEY,Juventus,24,6.02,6.41,3,0,0,0,0,0,0,0,2,0,0
2475,A,SANCHEZ,Inter,22,6.44,7.5,3,0,0,1,1,0,6,2,2,1,0
2488,C,MOSES,Inter,12,6.15,6.4,0,0,0,0,0,0,3,0,1,0,0
2504,C,CAN ,Juventus,8,5.57,5.43,0,0,0,0,0,0,0,0,2,0,0
2525,D,DARMIAN,Parma,33,5.92,5.95,1,0,0,0,0,0,1,0,6,0,0
2529,C,MKHITARYAN,Roma,22,6.25,7.59,9,0,0,0,0,0,5,0,5,0,0
2530,A,IBRAHIMOVIC,Milan,18,6.53,8.17,8,0,0,3,2,1,3,0,1,0,0
2531,A,LUKAKU,Inter,36,6.42,8.33,17,0,0,6,6,0,1,0,2,0,0
2556,C,ERIKSEN,Inter,17,5.92,6.31,1,0,0,0,0,0,2,0,0,0,0
2572,D,GODIN,Inter,23,6.05,6.11,1,0,0,0,0,0,1,0,5,0,0
2610,A,RONALDO,Juventus,33,6.56,9.33,19,0,0,13,12,1,3,0,3,0,0
2617,C,NZONZI,Roma,0,0,0,0,0,0,0,0,0,0,0,0,0,0
2625,C,SORIANO,Bologna,29,6.09,6.62,5,0,0,0,0,0,4,0,3,2,0
2633,D,KJAER,Milan,20,6,5.9,0,0,0,0,0,0,0,0,4,0,0
2642,C,CALVANO,Verona,0,0,0,0,0,0,0,0,0,0,0,0,0,0
2646,C,SANDRO,Genoa,0,0,0,0,0,0,0,0,0,0,0,0,0,0
2648,C,MACHACH,Napoli,0,0,0,0,0,0,0,0,0,0,0,0,0,0
2653,D,LYKOGIANNIS,Cagliari,20,5.74,5.68,0,0,0,0,0,0,1,0,4,0,0
2657,A,ANTONUCCI,Roma,2,5.75,5.5,0,0,0,0,0,0,0,0,1,0,0
2659,C,DABO,SPAL,16,5.62,5.88,1,0,0,0,0,0,3,0,4,0,0
2664,D,EL YAMIQ,Genoa,3,5,4.83,0,0,0,0,0,0,0,0,1,0,0
2692,C,CASTILLEJO,Milan,22,6.21,6.61,2,0,0,0,0,0,2,1,3,0,0
2707,D,YOUNG,Inter,18,6.12,7.03,4,0,0,0,0,0,4,0,1,0,0
2719,A,BARROW,Bologna,25,6.14,7.28,8,0,0,2,1,1,5,0,1,0,0
2724,D,BUONGIORNO,Torino,0,0,0,0,0,0,0,0,0,0,0,0,0,0
2726,C,DANZI,Verona,1,0,0,0,0,0,0,0,0,0,0,0,0,0
2728,D,PELLEGRINI LU.,Cagliari,24,6.04,6.04,0,0,0,0,0,0,5,0,10,0,0
2732,A,STIJEPOVIC,Sampdoria,0,0,0,0,0,0,0,0,0,0,0,0,0,0
2739,D,RECA,SPAL,25,5.66,5.7,0,0,0,0,0,0,2,0,2,0,0
2740,D,VARNIER,Atalanta,0,0,0,0,0,0,0,0,0,0,0,0,0,0
2741,C,PESSINA,Verona,35,6.04,6.56,7,0,0,0,0,0,0,0,7,0,0
2742,C,VALZANIA,Atalanta,0,0,0,0,0,0,0,0,0,0,0,0,0,0
2743,A,SANTANDER,Bologna,24,5.61,5.61,0,0,0,1,1,0,0,0,6,0,0
2744,C,SVANBERG,Bologna,25,5.94,6.11,1,0,0,0,0,0,1,0,2,0,0
2745,D,CALABRESI,Bologna,0,0,0,0,0,0,0,0,0,0,0,0,0,0
2746,D,DIJKS,Bologna,13,5.73,5.54,0,0,0,0,0,0,0,0,5,0,0
2747,D,PAZ,Lecce,16,5.54,5.42,0,0,0,0,0,0,1,0,5,0,0
2752,D,RASMUSSEN,Fiorentina,0,0,0,0,0,0,0,0,0,0,0,0,0,0
2754,D,HANCKO,Fiorentina,0,0,0,0,0,0,0,0,0,0,0,0,0,0
2756,A,PIATEK,Milan,18,5.56,6.19,1,0,0,3,3,0,0,0,1,0,0
2758,D,GUNTER,Verona,32,5.81,5.69,0,0,0,0,0,0,0,0,7,0,0
2759,D,CRISCITO,Genoa,26,6,6.58,0,0,0,10,8,2,0,0,7,0,0
2760,C,CALLEGARI,Genoa,0,0,0,0,0,0,0,0,0,0,0,0,0,0
2761,P,VODISEK,Genoa,0,0,0,0,0,0,0,0,0,0,0,0,0,0
2762,A,KOUAME',Fiorentina,18,6.31,7.44,6,0,0,0,0,0,3,0,1,0,0
2764,A,MARTINEZ L.,Inter,35,6.21,7.29,12,0,0,3,2,1,3,0,7,1,0
2766,C,ZANIOLO,Roma,26,6.16,6.8,6,0,0,0,0,0,2,0,8,0,0
2769,D,MAGNANI,Sassuolo,10,5.67,5.92,1,0,0,0,0,0,0,0,3,0,0
2770,P,PROTO,Lazio,0,0,0,0,0,0,0,0,0,0,0,0,0,0
2771,C,BERISHA V.,Lazio,3,6,6,0,0,0,0,0,0,0,0,0,0,0
2772,D,DURMISI,Lazio,0,0,0,0,0,0,0,0,0,0,0,0,0,0
2773,A,SPROCATI,Parma,20,5.77,6,1,0,0,0,0,0,0,0,0,0,0
2775,C,RUIZ,Napoli,33,5.97,6.39,3,0,0,0,0,0,6,0,2,0,0
2776,C,YOUNES,Napoli,9,5.88,6.5,1,0,0,0,0,0,0,0,1,0,0
2779,C,KLUIVERT,Roma,22,6.05,6.48,4,0,0,0,0,0,0,0,4,1,0
2780,C,CORIC,Roma,0,0,0,0,0,0,0,0,0,0,0,0,0,0
2781,P,FUZATO,Roma,1,6,5,0,1,0,0,0,0,0,0,0,0,0
2783,D,BIANDA,Roma,0,0,0,0,0,0,0,0,0,0,0,0,0,0
2784,D,COLLEY,Sampdoria,31,5.76,5.63,0,0,0,0,0,0,1,0,10,0,0
2785,C,PEETERS,Juventus,1,6,6,0,0,0,0,0,0,0,0,0,0,0
2787,D,DICKMANN,SPAL,0,0,0,0,0,0,0,0,0,0,0,0,0,0
2788,D,BREMER,Torino,27,5.78,6,3,0,0,0,0,0,0,0,2,2,0
2789,C,MEITE',Torino,33,5.64,5.59,0,0,0,0,0,0,1,0,5,0,0
2790,P,ROSATI,Torino,1,5.5,4.5,0,1,0,0,0,0,0,0,0,0,0
2792,P,MUSSO,Udinese,38,6.28,5.08,0,51,2,0,0,0,0,0,1,0,0
2793,D,OPOKU,Udinese,7,5.79,5.57,0,0,0,0,0,0,0,0,1,1,0
2794,A,MICIN,Udinese,0,0,0,0,0,0,0,0,0,0,0,0,0,0
2795,D,TER AVEST,Udinese,20,5.71,5.68,0,0,0,0,0,0,0,0,1,0,0
2798,P,DINI,Parma,0,0,0,0,0,0,0,0,0,0,0,0,0,0
2801,D,IACOPONI,Parma,36,5.89,5.96,2,0,0,0,0,0,0,0,7,0,0
2802,C,BARILLA',Parma,26,5.82,5.86,1,0,0,0,0,0,1,0,6,0,0
2804,C,SCOZZARELLA,Parma,16,6.17,6.3,0,0,0,0,0,0,1,2,2,0,0
2805,A,BARAYE,Parma,0,0,0,0,0,0,0,0,0,0,0,0,0,0
2807,A,DA CRUZ,Parma,0,0,0,0,0,0,0,0,0,0,0,0,0,0
2808,A,FREDIANI,Parma,0,0,0,0,0,0,0,0,0,0,0,0,0,0
2809,P,VIGORITO,Lecce,5,5.9,4,0,9,0,0,0,0,0,0,1,0,0
2815,P,TERRACCIANO,Fiorentina,7,6.36,5.64,0,5,0,0,0,0,0,0,0,0,0
2816,D,DI LORENZO,Napoli,33,5.88,6.17,3,0,0,0,0,0,3,0,5,0,0
2818,C,BENNACER,Milan,31,6.03,5.9,1,0,0,0,0,0,0,0,14,0,0
2819,A,CAPUTO,Sassuolo,36,6.32,8.31,19,0,0,2,2,0,6,0,3,0,0
2825,C,BOURABIA,Sassuolo,17,5.68,5.47,1,0,0,0,0,0,1,0,5,1,2
2826,A,PUSSETTO,Udinese,12,5.95,6.2,1,0,0,0,0,0,0,0,1,0,0
2828,C,COLOMBATTO,Cagliari,0,0,0,0,0,0,0,0,0,0,0,0,0,0
2832,A,BOGA,Sassuolo,34,6.15,7.21,11,0,0,0,0,0,2,0,0,0,0
2833,C,KULUSEVSKI,Parma,36,6.42,7.43,9,0,0,1,1,0,8,0,3,0,0
2835,C,KINGSLEY,Bologna,1,6,6,0,0,0,0,0,0,0,0,0,0,0
2836,P,OLSEN,Cagliari,17,6.41,4.94,0,24,0,0,0,0,0,0,0,1,0
2839,A,SOTTIL,Fiorentina,18,5.83,5.75,0,0,0,0,0,0,0,0,3,0,0
2841,A,VLAHOVIC,Fiorentina,30,5.91,6.46,5,0,0,1,1,0,0,0,4,1,0
2842,A,ZANIMACCHIA,Juventus,2,6,6,0,0,0,0,0,0,0,0,0,0,0
2844,A,COLIDIO,Inter,0,0,0,0,0,0,0,0,0,0,0,0,0,0
2852,C,RICCARDI,Roma,0,0,0,0,0,0,0,0,0,0,0,0,0,0
2853,A,MONCINI,SPAL,4,5.33,5.33,0,0,0,0,0,0,0,0,0,0,0
2854,C,BRADARIC,Cagliari,0,0,0,0,0,0,0,0,0,0,0,0,0,0
2855,C,VIEIRA,Sampdoria,27,5.65,5.46,0,0,0,0,0,0,1,0,11,1,0
2857,C,TRAORE' HJ.,Sassuolo,31,6.07,6.48,4,0,0,0,0,0,1,0,3,0,0
2860,D,MALCUIT,Napoli,4,6,6,0,0,0,0,0,0,0,0,0,0,0
2865,D,AINA,Torino,32,5.69,5.59,0,0,0,0,0,0,1,0,8,0,0
2868,A,RIGONI E,Sampdoria,8,5.64,5.64,0,0,0,0,0,0,0,1,2,0,0
2869,D,DJIDJI,Torino,17,5.31,5.12,0,0,0,0,0,0,0,0,1,0,1
2870,D,TROOST-EKONG,Udinese,30,5.78,5.69,0,0,0,0,0,0,0,0,5,0,0
2871,D,KLAVAN,Cagliari,31,5.73,5.59,0,0,0,0,0,0,0,0,4,0,1
2873,A,TEODORCZYK,Udinese,14,5.7,5.6,0,0,0,0,0,0,0,0,1,0,0
4178,D,ASCACIBAR,Atalanta,0,0,0,0,0,0,0,0,0,0,0,0,0,0
4228,C,GHEZZAL,Fiorentina,19,5.8,5.83,1,0,0,0,0,0,0,0,5,0,0
4237,D,DANILO,Juventus,22,5.77,5.95,2,0,0,0,0,0,0,0,2,1,0
4245,D,SMALLING,Roma,30,6.05,6.35,3,0,0,0,0,0,1,0,2,0,0
4287,C,LOBOTKA,Napoli,14,6.12,6.12,0,0,0,0,0,0,0,0,0,0,0
4292,D,HERNANDEZ T.,Milan,33,6.33,6.73,6,0,0,0,0,0,2,0,10,0,1
4302,D,SIERRALTA,Udinese,0,0,0,0,0,0,0,0,0,0,0,0,0,0
4307,D,ROMERO,Genoa,30,5.87,5.75,1,0,0,0,0,0,1,0,13,1,0
4322,C,PAQUETA',Milan,24,5.62,5.5,0,0,0,0,0,0,0,1,7,0,0
4323,D,ZEEGELAAR,Udinese,13,5.75,5.79,0,0,0,0,0,0,2,0,3,0,0
4324,A,OKAKA,Udinese,33,6.03,6.67,8,0,0,0,0,0,2,0,10,0,0
4325,P,JANDREI,Genoa,0,0,0,0,0,0,0,0,0,0,0,0,0,0
4327,C,OLIVA,Cagliari,11,6.15,6.5,1,0,0,0,0,0,1,0,1,0,0
4330,C,LERAGER,Genoa,21,5.71,5.79,1,0,0,0,0,0,1,0,5,0,0
4331,D,IBANEZ,Roma,9,5.94,5.83,0,0,0,0,0,0,0,0,2,0,0
4332,D,DEMIRAL,Juventus,6,6.25,6.83,1,0,0,0,0,0,1,0,1,0,0
4333,A,DESPODOV,Cagliari,0,0,0,0,0,0,0,0,0,0,0,0,0,0
4338,C,JANKOVIC,SPAL,6,5.25,5.25,0,0,0,0,0,0,0,0,1,0,0
4346,A,MILLICO,Torino,11,5.67,5.67,0,0,0,0,0,0,0,0,0,0,0
4349,C,NICOLUSSI CAVIGLIA,Juventus,0,0,0,0,0,0,0,0,0,0,0,0,0,0
4351,P,BRANCOLINI,Fiorentina,1,0,0,0,0,0,0,0,0,0,0,0,0,0
4353,C,MONTIEL,Fiorentina,0,0,0,0,0,0,0,0,0,0,0,0,0,0
4359,A,PICCOLI,Atalanta,1,5.5,5.5,0,0,0,0,0,0,0,0,0,0,0
4362,C,BELOKO,Fiorentina,0,0,0,0,0,0,0,0,0,0,0,0,0,0
4364,C,GAETANO,Napoli,0,0,0,0,0,0,0,0,0,0,0,0,0,0
4365,D,CORBO,Bologna,2,4.75,4.5,0,0,0,0,0,0,0,0,1,0,0
4366,D,ARMINI,Lazio,1,0,0,0,0,0,0,0,0,0,0,0,0,0
4368,A,JUWARA,Bologna,7,6.5,7.33,1,0,0,0,0,0,0,0,1,0,0
4370,C,PORTANOVA,Juventus,0,0,0,0,0,0,0,0,0,0,0,0,0,0
4371,A,RASPADORI,Sassuolo,11,6.21,7.07,2,0,0,0,0,0,0,0,0,0,0
4373,D,MATEJU,Brescia,31,5.48,5.28,0,0,0,0,0,0,1,0,8,1,1
4374,D,WALUKIEWICZ,Cagliari,14,5.64,5.61,0,0,0,0,0,0,0,0,1,0,0
4375,D,TERZIC,Fiorentina,2,0,0,0,0,0,0,0,0,0,0,0,0,0
4376,C,ZURKOWSKI,Fiorentina,2,0,0,0,0,0,0,0,0,0,0,0,0,0
4377,C,CASTROVILLI,Fiorentina,33,6.35,6.53,3,0,0,0,0,0,2,0,10,0,0
4378,D,RANIERI L,Fiorentina,3,5.5,5.17,0,0,0,0,0,0,0,0,0,1,0
4379,A,GORI G,Fiorentina,0,0,0,0,0,0,0,0,0,0,0,0,0,0
4380,C,BURGIO,Inter,0,0,0,0,0,0,0,0,0,0,0,0,0,0
4381,A,GUMUS,Genoa,3,6.25,6.25,0,0,0,0,0,0,0,0,0,0,0
4383,C,ZENNARO,Genoa,0,0,0,0,0,0,0,0,0,0,0,0,0,0
4384,C,JAGIELLO,Genoa,11,6,6.2,0,0,0,0,0,0,1,1,0,0,0
4385,C,LAZARO,Inter,6,5.83,5.83,0,0,0,0,0,0,1,0,2,0,0
4386,D,SALA M,Sassuolo,0,0,0,0,0,0,0,0,0,0,0,0,0,0
4387,A,ADORANTE,Parma,0,0,0,0,0,0,0,0,0,0,0,0,0,0
4388,A,ADEKANYE,Lazio,11,6.12,6.75,1,0,0,0,0,0,0,0,1,0,0
4389,C,ANDERSON A.,Lazio,7,5.67,5.67,0,0,0,0,0,0,0,0,0,0,0
4390,C,ANDERSON D.,Lazio,5,5.83,5.67,0,0,0,0,0,0,0,0,1,0,0
4391,D,CASASOLA,Lazio,0,0,0,0,0,0,0,0,0,0,0,0,0,0
4392,D,RIZZO N,Genoa,0,0,0,0,0,0,0,0,0,0,0,0,0,0
4393,C,SCHOUTEN,Bologna,19,5.78,5.56,0,0,0,0,0,0,0,0,6,1,0
4397,D,VAVRO,Lazio,11,5.78,5.78,0,0,0,0,0,0,0,0,0,0,0
4398,D,BENZAR,Lecce,3,5.5,5.5,0,0,0,0,0,0,0,0,0,0,0
4399,D,VERA,Lecce,8,5.8,6,0,0,0,0,0,0,1,0,0,0,0
4400,C,SHAKHOV,Lecce,24,5.74,5.9,1,0,0,0,0,0,2,0,3,0,0
4401,D,GABBIA,Milan,9,5.83,5.78,0,0,0,0,0,0,0,0,1,0,0
4403,D,CHABOT,Sampdoria,8,5.88,6.06,1,0,0,0,0,0,0,0,1,1,0
4404,C,THORSBY,Sampdoria,24,5.74,5.63,1,0,0,0,0,0,1,0,7,1,1
4405,C,MARONI,Sampdoria,5,5.5,5,0,0,0,1,0,1,0,1,0,0,0
4406,D,TRIPALDELLI,Sassuolo,2,5.5,5.5,0,0,0,0,0,0,0,0,0,0,0
4407,D,IGOR,Fiorentina,26,5.75,5.62,0,0,0,0,0,0,1,0,9,0,0
4409,D,RRAHMANI,Verona,36,5.94,5.9,0,0,0,0,0,0,1,0,5,0,0
4410,P,BORGHETTO,Verona,0,0,0,0,0,0,0,0,0,0,0,0,0,0
4411,C,AGOUME,Inter,3,6,5.75,0,0,0,0,0,0,0,0,1,0,0
4412,D,RODRIGO BECAO,Udinese,29,5.88,5.84,1,0,0,0,0,0,0,0,8,0,0
4413,A,AYE',Brescia,22,5.5,5.4,0,0,0,0,0,0,0,0,2,1,0
4414,D,DENSWIL,Bologna,26,5.38,5.16,0,0,0,0,0,0,0,0,5,1,1
4415,A,SKOV OLSEN,Bologna,26,5.62,5.76,1,0,0,0,0,0,0,0,2,0,0
4419,P,PAU LOPEZ,Roma,32,6.08,4.72,0,45,1,0,0,0,0,0,3,0,0
4420,D,BOCCHETTI,Verona,5,5.9,5.7,0,0,0,0,0,0,0,0,2,0,0
4421,D,AUGELLO,Sampdoria,17,6.06,6.12,0,0,0,0,0,0,2,0,2,0,0
4422,D,TOMIYASU,Bologna,29,5.83,5.9,1,0,0,0,0,0,3,0,8,0,0
4423,C,HERNANI,Parma,32,5.98,5.95,0,0,0,0,0,0,2,2,10,0,0
4424,C,JONY,Lazio,24,5.76,5.71,0,0,0,0,0,0,1,0,4,0,0
4425,P,JORONEN,Brescia,29,6.29,4.34,0,59,1,0,0,0,0,0,1,0,0
4426,D,TOLJAN,Sassuolo,29,5.91,5.95,1,0,0,0,0,0,2,0,8,0,0
4427,C,MALINOVSKYI,Atalanta,34,6.27,6.91,8,0,0,1,0,1,2,1,5,1,0
4428,D,DE LIGT,Juventus,29,6.05,6.38,4,0,0,0,0,0,0,0,5,0,0
4429,D,CHANCELLOR,Brescia,26,5.73,5.94,3,0,0,0,0,0,0,0,3,0,1
4430,A,CRISTO GONZALEZ,Udinese,0,0,0,0,0,0,0,0,0,0,0,0,0,0
4432,D,OKOLI,Atalanta,0,0,0,0,0,0,0,0,0,0,0,0,0,0
4433,D,ZORTEA,Atalanta,0,0,0,0,0,0,0,0,0,0,0,0,0,0
4435,C,COLLEY E.,Atalanta,5,6,6.25,0,0,0,0,0,0,1,0,1,0,0
4436,A,CAMBIAGHI,Atalanta,0,0,0,0,0,0,0,0,0,0,0,0,0,0
4438,D,CASSANDRO,Bologna,0,0,0,0,0,0,0,0,0,0,0,0,0,0
4440,P,ALFONSO,Brescia,4,5.83,4.5,0,4,0,0,0,0,0,0,0,0,0
4441,P,ANDRENACCI,Brescia,6,6,3.33,0,16,0,0,0,0,0,0,0,0,0
4442,D,CISTANA,Brescia,21,5.79,5.74,1,0,0,0,0,0,0,0,6,1,0
4443,D,CURCIO,Brescia,1,0,0,0,0,0,0,0,0,0,0,0,0,0
4444,D,SEMPRINI,Brescia,12,5.7,5.9,1,0,0,0,0,0,0,0,2,0,0
4445,C,BISOLI,Brescia,25,5.88,5.92,1,0,0,0,0,0,1,0,6,0,0
4447,C,NDOJ,Brescia,18,5.63,5.57,0,0,0,0,0,0,0,0,2,0,0
4448,C,SPALEK,Brescia,25,5.52,5.71,2,0,0,0,0,0,1,0,5,0,0
4449,C,TONALI,Brescia,35,6.04,6.2,1,0,0,0,0,0,2,5,9,0,0
4450,C,TREMOLADA,Brescia,1,5.5,5.5,0,0,0,0,0,0,0,0,0,0,0
4451,C,VIVIANI M.,Brescia,8,5.6,5.6,0,0,0,0,0,0,0,0,0,0,0
4452,A,DONNARUMMA AL.,Brescia,31,5.79,6.59,5,0,0,2,2,0,2,0,1,0,0
4453,A,TORREGROSSA,Brescia,25,6.28,7.04,5,0,0,2,2,0,2,0,8,0,0
4454,D,PINNA,Cagliari,1,6.5,6,0,0,0,0,0,0,0,0,1,0,0
4455,A,RAGATZU,Cagliari,13,6,6.38,1,0,0,0,0,0,0,0,1,0,0
4456,C,MELI,Fiorentina,0,0,0,0,0,0,0,0,0,0,0,0,0,0
4458,D,CANDELA,Genoa,0,0,0,0,0,0,0,0,0,0,0,0,0,0
4459,C,ROVELLA,Genoa,2,6,6,0,0,0,0,0,0,0,0,0,0,0
4460,C,SCHAFER,Genoa,0,0,0,0,0,0,0,0,0,0,0,0,0,0
4461,D,ZAPPA,Inter,0,0,0,0,0,0,0,0,0,0,0,0,0,0
4462,C,POMPETTI,Inter,0,0,0,0,0,0,0,0,0,0,0,0,0,0
4463,A,ESPOSITO,Inter,7,5.83,6.67,0,0,0,1,1,0,0,0,1,0,0
4464,A,MEROLA,Inter,0,0,0,0,0,0,0,0,0,0,0,0,0,0
4465,C,FAGIOLI,Juventus,0,0,0,0,0,0,0,0,0,0,0,0,0,0
4466,A,PETRELLI,Juventus,0,0,0,0,0,0,0,0,0,0,0,0,0,0
4467,D,JORGE SILVA,Lazio,0,0,0,0,0,0,0,0,0,0,0,0,0,0
4468,P,BLEVE,Lecce,0,0,0,0,0,0,0,0,0,0,0,0,0,0
4469,P,MILLI,Lecce,0,0,0,0,0,0,0,0,0,0,0,0,0,0
4470,D,CALDERONI,Lecce,26,5.71,6.02,3,0,0,0,0,0,2,0,7,0,0
4471,D,COSENZA,Lecce,0,0,0,0,0,0,0,0,0,0,0,0,0,0
4472,D,MECCARIELLO,Lecce,14,5.73,5.95,1,0,0,0,0,0,0,0,2,0,0
4473,D,RICCARDI D,Lecce,1,5.5,5.5,0,0,0,0,0,0,0,0,0,0,0
4474,C,HAYE,Lecce,0,0,0,0,0,0,0,0,0,0,0,0,0,0
4475,C,MAJER,Lecce,27,5.94,5.96,1,0,0,0,0,0,1,0,7,0,0
4476,C,TABANELLI,Lecce,13,5.81,5.88,1,0,0,0,0,0,0,0,4,0,0
4477,A,LA MANTIA,Lecce,12,5.89,6.5,2,0,0,0,0,0,0,0,1,0,0
4479,C,ELMAS,Napoli,26,5.97,6.03,1,0,0,0,0,0,1,0,7,0,0
4480,D,MINELLI,Parma,0,0,0,0,0,0,0,0,0,0,0,0,0,0
4481,D,BOUAH,Roma,0,0,0,0,0,0,0,0,0,0,0,0,0,0
4483,A,CANGIANO,Bologna,3,0,0,0,0,0,0,0,0,0,0,0,0,0
4484,A,D'ORAZIO,Roma,0,0,0,0,0,0,0,0,0,0,0,0,0,0
4485,P,THIAM D.,SPAL,2,6,4,0,4,0,0,0,0,0,0,0,0,0
4486,C,STREFEZZA,SPAL,32,5.91,5.92,1,0,0,0,0,0,2,0,7,1,0
4487,D,FERIGRA,Torino,0,0,0,0,0,0,0,0,0,0,0,0,0,0
4488,D,GILLI,Torino,0,0,0,0,0,0,0,0,0,0,0,0,0,0
4489,A,RAUTI,Torino,0,0,0,0,0,0,0,0,0,0,0,0,0,0
4490,C,DE ANGELIS,Torino,0,0,0,0,0,0,0,0,0,0,0,0,0,0
4491,P,BERARDI A.,Verona,0,0,0,0,0,0,0,0,0,0,0,0,0,0
4492,D,BALKOVEC,Verona,0,0,0,0,0,0,0,0,0,0,0,0,0,0
4493,D,DAWIDOWICZ,Verona,15,5.9,5.9,1,0,0,0,0,0,0,0,2,2,0
4494,D,EMPEREUR,Verona,13,5.95,5.82,0,0,0,0,0,0,0,0,3,0,0
4495,D,KUMBULLA,Verona,25,6.15,6.12,1,0,0,0,0,0,0,0,5,1,0
4496,D,VITALE L,Verona,2,6,6,0,0,0,0,0,0,0,0,0,0,0
4498,C,HENDERSON L.,Verona,4,6,5.83,0,0,0,0,0,0,0,0,1,0,0
4499,C,LUCAS FELIPPE,Verona,2,6,6,0,0,0,0,0,0,0,0,0,0,0
4500,A,DI CARMINE,Verona,22,5.95,6.88,7,0,0,2,1,1,0,0,3,0,0
4501,C,OBIANG,Sassuolo,25,5.81,5.65,1,0,0,0,0,0,0,0,10,0,1
4502,D,GALLO,Lecce,0,0,0,0,0,0,0,0,0,0,0,0,0,0
4504,D,MANGRAVITI,Brescia,13,5.42,5.35,0,0,0,0,0,0,0,0,2,0,0
4505,A,KOFFI,Fiorentina,0,0,0,0,0,0,0,0,0,0,0,0,0,0
4506,C,LAKTI,Fiorentina,0,0,0,0,0,0,0,0,0,0,0,0,0,0
4507,A,TUTINO,Verona,6,5.5,5.5,0,0,0,0,0,0,0,0,0,0,0
4508,A,BAHLOULI,Sampdoria,0,0,0,0,0,0,0,0,0,0,0,0,0,0
4509,D,CIPRIANO,Lazio,0,0,0,0,0,0,0,0,0,0,0,0,0,0
4510,A,RAFAEL LEAO,Milan,31,6.07,6.78,6,0,0,0,0,0,1,0,0,0,0
4511,D,DUARTE,Milan,6,5.6,5.4,0,0,0,0,0,0,0,0,2,0,0
4512,C,SCHONE,Genoa,32,5.95,6.03,2,0,0,1,0,1,1,1,5,0,0
4513,C,ZMRHAL,Brescia,21,5.74,6.09,2,0,0,0,0,0,0,0,0,0,0
4514,C,NANDEZ,Cagliari,35,6.27,6.33,2,0,0,0,0,0,3,0,14,0,0
4515,C,AGUDELO,Fiorentina,13,5.85,5.9,1,0,0,0,0,0,0,0,3,1,0
4516,D,SKRTEL,Atalanta,0,0,0,0,0,0,0,0,0,0,0,0,0,0
4517,A,LOZANO,Napoli,26,5.92,6.4,4,0,0,0,0,0,1,0,3,0,0
4518,P,RUSSO A.,Sassuolo,0,0,0,0,0,0,0,0,0,0,0,0,0,0
4519,D,CETIN,Roma,6,5.8,5.4,0,0,0,0,0,0,0,0,2,1,0
4520,P,LETICA,SPAL,10,5.7,3.05,0,29,1,0,0,0,0,0,1,0,0
4521,D,MULDUR,Sassuolo,24,6.02,6.32,2,0,0,0,0,0,2,0,4,0,0
4522,C,AMRABAT,Verona,34,6.29,6.21,0,0,0,1,1,0,1,0,10,2,0
4523,P,AVOGADRI,Sampdoria,0,0,0,0,0,0,0,0,0,0,0,0,0,0
4524,C,SEMA,Udinese,32,5.95,6.08,2,0,0,0,0,0,1,0,6,0,0
4525,P,GEMELLO,Torino,0,0,0,0,0,0,0,0,0,0,0,0,0,0
4526,D,ARANA,Atalanta,4,6,6,0,0,0,0,0,0,0,0,0,0,0
4527,A,PEDRO G.,Fiorentina,4,5.5,5.5,0,0,0,0,0,0,0,0,0,0,0
4528,D,GASOLINA WESLEY,Juventus,0,0,0,0,0,0,0,0,0,0,0,0,0,0
4529,D,ANKERSEN,Genoa,19,5.84,5.84,0,0,0,0,0,0,1,0,2,0,0
4530,D,KYRIAKOPOULOS,Sassuolo,26,6,6,0,0,0,0,0,0,2,0,4,0,0
4725,C,DEMME,Napoli,15,5.93,5.93,1,0,0,0,0,0,0,0,6,0,0
4862,A,TRAORE' AM.,Atalanta,3,7,10,1,0,0,0,0,0,0,0,0,0,0
4865,A,CLEONISE,Genoa,4,6,6,0,0,0,0,0,0,0,0,2,0,0
4866,A,DUBICKAS,Lecce,1,0,0,0,0,0,0,0,0,0,0,0,0,0
4867,P,TURATI,Sassuolo,2,6.25,4.25,0,4,0,0,0,0,0,0,0,0,0
4868,C,TUNJOV,SPAL,10,5.6,5.6,0,0,0,0,0,0,0,0,0,0,0
4869,C,DOMINGUEZ,Bologna,16,5.87,5.9,0,0,0,0,0,0,1,0,1,0,0
4870,C,ADOPO,Torino,2,0,0,0,0,0,0,0,0,0,0,0,0,0
4878,P,BEGOVIC,Milan,2,6.25,4.75,0,3,0,0,0,0,0,0,0,0,0
4879,A,SKRABB,Brescia,10,5.69,5.69,0,0,0,0,0,0,0,0,1,0,0
4880,C,BJARNASON,Brescia,13,5.65,5.62,0,0,0,0,0,0,0,0,1,0,0
4881,D,CZYBORRA,Atalanta,1,6,6,0,0,0,0,0,0,0,0,0,0,0
4882,C,ERIKSSON,Genoa,0,0,0,0,0,0,0,0,0,0,0,0,0,0
4883,P,BREZA,Bologna,0,0,0,0,0,0,0,0,0,0,0,0,0,0
4884,A,CARLES PEREZ,Roma,14,5.96,6.38,1,0,0,0,0,0,2,1,2,0,0
4885,C,VILLAR,Roma,9,5.75,5.58,0,0,0,0,0,0,0,0,3,0,0
4886,C,PEREIRO,Cagliari,10,5.75,5.94,1,0,0,0,0,0,0,0,3,0,0
4887,D,BELLANOVA,Atalanta,1,6,6,0,0,0,0,0,0,0,0,0,0,0
4888,D,SUTALO,Atalanta,7,5.88,5.75,0,0,0,0,0,0,0,0,1,0,0
4889,P,CHIRONI,Lecce,0,0,0,0,0,0,0,0,0,0,0,0,0,0
4890,C,TAMEZE,Atalanta,7,6.17,6.17,0,0,0,0,0,0,0,0,0,0,0
4891,D,SOUMAORO,Genoa,8,5.88,6.12,1,0,0,0,0,0,0,0,2,0,0
4892,C,SAELEMAEKERS,Milan,13,6,6.08,1,0,0,0,0,0,0,0,2,1,0
4894,A,HARASLIN,Sassuolo,11,6.06,6.44,1,0,0,0,0,0,1,0,1,0,0
4895,D,YOSHIDA,Sampdoria,14,5.89,5.93,0,0,0,0,0,0,0,1,1,0,0
4896,C,MALDINI,Milan,2,6,6,0,0,0,0,0,0,0,0,0,0,0
4897,D,PIROLA,Inter,1,0,0,0,0,0,0,0,0,0,0,0,0,0
4899,D,SINGO,Torino,4,6.33,7.33,1,0,0,0,0,0,0,0,0,0,0
4900,C,PALACIOS,Atalanta,0,0,0,0,0,0,0,0,0,0,0,0,0,0
4917,D,PRODL,Udinese,0,0,0,0,0,0,0,0,0,0,0,0,0,0
4919,C,BALDURSSON,Bologna,7,5.83,5.83,0,0,0,0,0,0,0,0,0,0,0
4920,D,PAPETTI,Brescia,11,5.41,5.45,1,0,0,0,0,0,0,0,5,0,0
4921,C,ASKILDSEN,Sampdoria,4,6,6.67,1,0,0,0,0,0,0,0,0,1,0
4923,A,COLOMBO,Milan,1,0,0,0,0,0,0,0,0,0,0,0,0,0
4925,D,CARBONI,Cagliari,7,5.5,5,0,0,0,0,0,0,0,0,2,2,0
4926,C,MURATORE,Juventus,4,6,6,0,0,0,0,0,0,0,0,0,0,0
4927,C,GHEZZI,Brescia,5,0,0,0,0,0,0,0,0,0,0,0,0,0
4928,A,OLIVIERI,Juventus,3,6.5,6.5,0,0,0,0,0,0,0,0,0,0,0
4929,P,CIOCCI,Cagliari,0,0,0,0,0,0,0,0,0,0,0,0,0,0
4930,C,GHION,Sassuolo,3,5.75,5.75,0,0,0,0,0,0,0,0,0,0,0
4931,A,D'AMICO,Sampdoria,2,0,0,0,0,0,0,0,0,0,0,0,0,0
4932,C,BALLARINI,Udinese,1,0,0,0,0,0,0,0,0,0,0,0,0,0
4933,C,RUFFO LUCI,Bologna,1,0,0,0,0,0,0,0,0,0,0,0,0,0
4934,D,LOVATO,Verona,1,0,0,0,0,0,0,0,0,0,0,0,0,0
4935,C,LADINETTI,Cagliari,3,6.33,6.33,0,0,0,0,0,0,0,0,0,0,0
4936,A,MANZARI,Sassuolo,3,0,0,0,0,0,0,0,0,0,0,0,0,0
4937,D,FALBO,Lazio,1,0,0,0,0,0,0,0,0,0,0,0,0,0
4938,A,MORO,Lazio,1,0,0,0,0,0,0,0,0,0,0,0,0,0
4939,A,CUELLAR,SPAL,2,5.5,5.5,0,0,0,0,0,0,0,0,0,0,0
4940,A,GAGLIANO,Cagliari,2,7.5,11.5,1,0,0,0,0,0,1,0,0,0,0
4941,C,MARIGOSU,Cagliari,2,6,6,0,0,0,0,0,0,0,0,0,0,0
4942,D,ISKRA,SPAL,2,5.75,5.75,0,0,0,0,0,0,0,0,0,0,0
4943,C,HORVATH,SPAL,3,5.5,5.5,0,0,0,0,0,0,0,0,0,0,0
4944,D,BONINI,Bologna,1,0,0,0,0,0,0,0,0,0,0,0,0,0
4945,D,CALAFIORI,Roma,1,6.5,6.5,0,0,0,0,0,0,0,0,0,0,0
4946,D,FRABOTTA,Juventus,1,6,6,0,0,0,0,0,0,0,0,0,0,0
4947,C,BRESCIANINI,Milan,1,6,6,0,0,0,0,0,0,0,0,0,0,0
4948,A,VRIONI,Juventus,1,0,0,0,0,0,0,0,0,0,0,0,0,0
4949,C,DA RIVA,Atalanta,1,0,0,0,0,0,0,0,0,0,0,0,0,0
4950,D,DALLE MURA,Fiorentina,1,0,0,0,0,0,0,0,0,0,0,0,0,0
4951,D,PICCININI,Sassuolo,1,0,0,0,0,0,0,0,0,0,0,0,0,0
4952,D,MONTERISI,Lecce,1,0,0,0,0,0,0,0,0,0,0,0,0,0
4953,C,PALUMBO,Udinese,1,0,0,0,0,0,0,0,0,0,0,0,0,0
4954,D,CELESIA,Torino,1,0,0,0,0,0,0,0,0,0,0,0,0,0
