Id,Ruolo,Nome,Squadra,Partite giocate,Media voto,Media Fantavoto,Goals tot,Assists tot,Goal fatti,Goal subiti,Rigori parati,Rigori calciati,Rigori segnati,Rigori sbagliati,Assist,Assist da fermo,Ammonizioni,Espulsioni,Autogoal
4,P,SPORTIELLO,Atalanta,3,6.17,4.5,0,0,0,5,0,0,0,0,0,0,0,0,0
11,D,CONTI,Milan,0,0.0,0.0,0,0,0,0,0,0,0,0,0,0,0,0,0
15,D,MASIELLO,Genoa,1,4.0,3.5,0,0,0,0,0,0,0,0,0,0,1,0,0
20,C,CIGARINI,Crotone,3,5.83,5.67,0,0,0,0,0,0,0,0,0,0,1,0,0
22,C,DE ROON,Atalanta,3,6.67,7.67,1,0,1,0,0,0,0,0,0,0,0,0,0
26,C,GOMEZ,Atalanta,3,7.83,12.5,4,2,4,0,0,0,0,0,2,0,0,0,0
27,C,GRASSI,Parma,3,6.0,6.0,0,0,0,0,0,0,0,0,0,0,0,0,0
28,C,KURTIC,Parma,1,7.0,10.0,1,0,1,0,0,0,0,0,0,0,0,0,0
40,P,DA COSTA,Bologna,0,0.0,0.0,0,0,0,0,0,0,0,0,0,0,0,0,0
41,P,MIRANTE,Roma,3,6.33,5.67,0,0,0,2,0,0,0,0,0,0,0,0,0
42,P,SARR M.,Bologna,0,0.0,0.0,0,0,0,0,0,0,0,0,0,0,0,0,0
45,D,FERRARI A.,Sampdoria,0,0.0,0.0,0,0,0,0,0,0,0,0,0,0,0,0,0
50,D,MBAYE,Bologna,0,0.0,0.0,0,0,0,0,0,0,0,0,0,0,0,0,0
58,C,DIAWARA,Roma,2,5.75,5.75,0,0,0,0,0,0,0,0,0,0,0,0,0
73,D,GAGLIOLO,Parma,1,6.0,6.0,0,0,0,0,0,0,0,0,0,0,0,0,0
74,D,LETIZIA,Benevento,3,6.17,7.17,1,0,1,0,0,0,0,0,0,0,0,0,0
78,D,SPOLLI,Crotone,0,0.0,0.0,0,0,0,0,0,0,0,0,0,0,0,0,0
84,D,MARRONE,Crotone,3,5.0,4.83,0,0,0,0,0,0,0,0,0,0,1,0,0
90,A,LASAGNA,Udinese,3,4.83,4.83,0,0,0,0,0,0,0,0,0,0,0,0,0
92,A,MATOS,Udinese,1,5.5,5.5,0,0,0,0,0,0,0,0,0,0,0,0,0
106,D,MATTIELLO,Spezia,0,0.0,0.0,0,0,0,0,0,0,0,0,0,0,0,0,0
115,C,HETEMAJ,Benevento,3,6.0,6.0,0,0,0,0,0,0,0,0,0,0,0,0,0
118,C,RADOVANOVIC,Genoa,2,6.0,6.0,0,0,0,0,0,0,0,0,0,0,0,0,0
123,A,INGLESE,Parma,1,5.0,5.0,0,0,0,0,0,0,0,0,0,0,0,0,0
133,P,SKORUPSKI,Bologna,3,6.0,4.67,0,0,0,4,0,0,0,0,0,0,0,0,0
134,D,BARBA,Benevento,1,5.0,5.0,0,0,0,0,0,0,0,0,0,0,0,0,0
139,D,DERMAKU,Parma,2,5.75,5.75,0,0,0,0,0,0,0,0,0,0,0,0,0
140,D,HYSAJ,Napoli,2,6.0,6.0,0,0,0,0,0,0,0,0,0,0,0,0,0
141,D,LAURINI,Parma,2,5.25,5.0,0,0,0,0,0,0,0,0,0,0,1,0,0
142,D,MARIO RUI,Napoli,0,0.0,0.0,0,0,0,0,0,0,0,0,0,0,0,0,0
144,D,TONELLI,Sampdoria,3,5.33,4.83,0,0,0,0,0,0,0,0,0,0,3,0,0
148,C,KRUNIC,Milan,3,5.5,5.5,0,0,0,0,0,0,0,0,0,0,1,0,0
150,C,SAPONARA,Fiorentina,1,0.0,0.0,0,0,0,0,0,0,0,0,0,0,0,0,0
152,C,ZIELINSKI,Napoli,2,6.25,8.25,1,1,1,0,0,0,0,0,1,0,0,0,0
159,P,SEPE,Parma,3,5.83,3.83,0,0,0,6,0,0,0,0,0,0,0,0,0
160,P,TATARUSANU,Milan,0,0.0,0.0,0,0,0,0,0,0,0,0,0,0,0,0,0
170,C,BADELJ,Genoa,2,6.0,6.0,0,0,0,0,0,0,0,0,0,0,0,0,0
172,C,BORJA VALERO,Fiorentina,2,6.0,6.0,0,0,0,0,0,0,0,0,0,0,0,0,0
177,A,ILICIC,Atalanta,0,0.0,0.0,0,0,0,0,0,0,0,0,0,0,0,0,0
179,C,PETRICCIONE,Crotone,0,0.0,0.0,0,0,0,0,0,0,0,0,0,0,0,0,0
181,C,VECINO,Inter,0,0.0,0.0,0,0,0,0,0,0,0,0,0,0,0,0,0
183,A,BABACAR,Sassuolo,0,0.0,0.0,0,0,0,0,0,0,0,0,0,0,0,0,0
184,C,BERNARDESCHI,Juventus,0,0.0,0.0,0,0,0,0,0,0,0,0,0,0,0,0,0
186,A,REBIC,Milan,2,6.0,6.0,0,0,0,0,0,0,0,0,0,0,0,0,0
215,A,VERDE,Spezia,2,6.25,6.25,0,0,0,0,0,0,0,0,0,0,0,0,0
216,P,DONNARUMMA AN.,Milan,0,0.0,0.0,0,0,0,0,0,0,0,0,0,0,0,0,0
218,P,PERIN,Genoa,1,6.0,5.0,0,0,0,1,0,0,0,0,0,0,0,0,0
220,P,UJKANI,Torino,0,0.0,0.0,0,0,0,0,0,0,0,0,0,0,0,0,0
224,D,DE MAIO,Udinese,3,5.83,5.83,0,0,0,0,0,0,0,0,0,0,0,0,0
226,D,IZZO,Torino,1,5.0,5.0,0,0,0,0,0,0,0,0,0,0,0,0,0
234,C,KUCKA,Parma,3,5.33,5.0,0,0,0,0,0,0,0,0,0,0,2,0,0
235,D,LAXALT,Milan,0,0.0,0.0,0,0,0,0,0,0,0,0,0,0,0,0,0
236,C,LAZOVIC,Verona,1,5.5,5.5,0,0,0,0,0,0,0,0,0,0,0,0,0
237,C,PEROTTI,Roma,0,0.0,0.0,0,0,0,0,0,0,0,0,0,0,0,0,0
238,C,RINCON,Torino,2,5.75,6.25,0,1,0,0,0,0,0,0,1,0,0,0,0
244,D,GHIGLIONE,Genoa,2,6.5,7.25,0,2,0,0,0,0,0,0,2,0,1,0,0
245,A,PANDEV,Genoa,2,6.0,7.25,1,0,1,0,0,0,0,0,0,0,1,0,0
247,A,PAVOLETTI,Cagliari,2,0.0,0.0,0,0,0,0,0,0,0,0,0,0,0,0,0
250,P,HANDANOVIC,Inter,3,5.83,3.83,0,0,0,6,0,0,0,0,0,0,0,0,0
252,D,BIRAGHI,Fiorentina,3,6.17,6.0,0,0,0,0,0,0,0,0,0,0,1,0,0
253,D,D'AMBROSIO,Inter,2,6.5,9.5,1,0,1,0,0,0,0,0,0,0,0,0,0
254,D,DIMARCO,Verona,3,5.83,5.67,0,0,0,0,0,0,0,0,0,0,1,0,0
256,D,JUAN JESUS,Roma,0,0.0,0.0,0,0,0,0,0,0,0,0,0,0,0,0,0
261,D,RANOCCHIA,Inter,0,0.0,0.0,0,0,0,0,0,0,0,0,0,0,0,0,0
262,D,SANTON,Roma,3,6.0,6.0,0,0,0,0,0,0,0,0,0,0,0,0,0
265,C,BROZOVIC,Inter,3,6.0,6.0,0,0,0,0,0,0,0,0,0,0,0,0,0
272,C,MEDEL,Bologna,2,6.25,6.75,0,1,0,0,0,0,0,0,1,0,0,0,0
280,A,PALACIO,Bologna,3,6.17,7.17,1,0,1,0,0,0,0,0,0,0,0,0,0
282,P,BUFFON,Juventus,0,0.0,0.0,0,0,0,0,0,0,0,0,0,0,0,0,0
286,D,BONUCCI,Juventus,2,6.25,7.75,1,0,1,0,0,0,0,0,0,0,0,0,0
287,D,CACERES,Fiorentina,3,5.67,5.67,0,0,0,0,0,0,0,0,0,0,0,0,0
288,D,CHIELLINI,Juventus,2,6.25,6.25,0,0,0,0,0,0,0,0,0,0,0,0,0
294,D,RUGANI,Juventus,0,0.0,0.0,0,0,0,0,0,0,0,0,0,0,0,0,0
295,D,ASAMOAH,Inter,0,0.0,0.0,0,0,0,0,0,0,0,0,0,0,0,0,0
299,C,KHEDIRA,Juventus,0,0.0,0.0,0,0,0,0,0,0,0,0,0,0,0,0,0
302,C,PEREYRA,Udinese,1,6.5,6.5,0,0,0,0,0,0,0,0,0,0,0,0,0
305,C,STURARO,Genoa,0,0.0,0.0,0,0,0,0,0,0,0,0,0,0,0,0,0
306,A,CERRI,Cagliari,0,0.0,0.0,0,0,0,0,0,0,0,0,0,0,0,0,0
309,A,DYBALA,Juventus,0,0.0,0.0,0,0,0,0,0,0,0,0,0,0,0,0,0
311,A,LLORENTE,Napoli,0,0.0,0.0,0,0,0,0,0,0,0,0,0,0,0,0,0
313,A,MORATA,Juventus,1,5.0,5.0,0,0,0,0,0,0,0,0,0,0,0,0,0
315,A,ZAZA,Torino,2,5.25,5.0,0,0,0,0,0,0,0,0,0,0,1,0,0
318,P,MARCHETTI,Genoa,1,5.5,-0.5,0,0,0,6,0,0,0,0,0,0,0,0,0
322,D,DE VRIJ,Inter,2,6.5,6.5,0,0,0,0,0,0,0,0,0,0,0,0,0
324,D,HOEDT,Lazio,0,0.0,0.0,0,0,0,0,0,0,0,0,0,0,0,0,0
327,D,PATRIC,Lazio,3,5.83,5.67,0,0,0,0,0,0,0,0,0,0,1,0,0
329,D,RADU,Lazio,3,5.5,5.5,0,0,0,0,0,0,0,0,0,0,0,0,0
332,C,CANDREVA,Sampdoria,2,6.75,7.25,0,1,0,0,0,0,0,0,1,0,0,0,0
333,C,CATALDI,Lazio,2,5.5,5.0,0,0,0,0,0,0,0,0,0,0,1,0,0
338,C,LULIC,Lazio,0,0.0,0.0,0,0,0,0,0,0,0,0,0,0,0,0,0
342,C,PAROLO,Lazio,2,6.5,6.5,0,0,0,0,0,0,0,0,0,0,0,0,0
345,A,KEITA B.,Sampdoria,0,0.0,0.0,0,0,0,0,0,0,0,0,0,0,0,0,0
350,P,DONNARUMMA G.,Milan,3,6.17,6.17,0,0,0,0,0,0,0,0,0,0,0,0,0
357,D,CALABRIA,Milan,3,6.67,6.67,0,0,0,0,0,0,0,0,0,0,0,0,0
358,D,DE SCIGLIO,Juventus,1,6.0,6.0,0,0,0,0,0,0,0,0,0,0,0,0,0
365,D,ZAPATA C.,Genoa,1,5.5,5.5,0,0,0,0,0,0,0,0,0,0,0,0,0
367,C,BONAVENTURA,Fiorentina,3,6.17,6.5,0,1,0,0,0,0,0,0,1,0,0,0,0
374,C,POLI,Bologna,1,6.0,6.0,0,0,0,0,0,0,0,0,0,0,0,0,0
376,C,VERDI,Torino,2,5.5,5.5,0,0,0,0,0,0,0,0,0,0,0,0,0
383,A,PETAGNA,Napoli,1,0.0,0.0,0,0,0,0,0,0,0,0,0,0,0,0,0
387,P,REINA,Lazio,0,0.0,0.0,0,0,0,0,0,0,0,0,0,0,0,0,0
390,D,GHOULAM,Napoli,1,6.0,6.0,0,0,0,0,0,0,0,0,0,0,0,0,0
392,D,KOULIBALY,Napoli,2,6.75,6.75,0,0,0,0,0,0,0,0,0,0,0,0,0
393,D,LUPERTO,Crotone,0,0.0,0.0,0,0,0,0,0,0,0,0,0,0,0,0,0
394,D,MAGGIO,Benevento,1,4.5,4.5,0,0,0,0,0,0,0,0,0,0,0,0,0
397,C,ALLAN,Napoli,0,0.0,0.0,0,0,0,0,0,0,0,0,0,0,0,0,0
400,C,DEZI,Parma,2,5.75,5.75,0,0,0,0,0,0,0,0,0,0,0,0,0
406,C,CALLEJON,Fiorentina,0,0.0,0.0,0,0,0,0,0,0,0,0,0,0,0,0,0
407,A,GABBIADINI,Sampdoria,1,0.0,0.0,0,0,0,0,0,0,0,0,0,0,0,0,0
408,A,HIGUAIN,Juventus,0,0.0,0.0,0,0,0,0,0,0,0,0,0,0,0,0,0
409,A,INSIGNE,Napoli,2,6.5,8.0,1,0,1,0,0,0,0,0,0,0,0,0,0
410,A,MERTENS,Napoli,2,7.5,11.5,2,2,2,0,0,0,0,0,2,0,0,0,0
412,P,COLOMBI,Parma,0,0.0,0.0,0,0,0,0,0,0,0,0,0,0,0,0,0
418,D,GOLDANIGA,Genoa,2,5.25,5.75,0,1,0,0,0,0,0,0,1,0,0,0,0
423,D,RISPOLI,Crotone,3,6.0,6.0,0,0,0,0,0,0,0,0,0,0,0,0,0
425,D,TERZI,Spezia,1,5.5,4.5,0,0,0,0,0,0,0,0,0,0,0,1,0
428,C,BENALI,Crotone,0,0.0,0.0,0,0,0,0,0,0,0,0,0,0,0,0,0
430,C,BRUGMAN,Parma,3,6.0,6.33,0,1,0,0,0,0,0,0,1,0,0,0,0
434,C,JAJALO,Udinese,0,0.0,0.0,0,0,0,0,0,0,0,0,0,0,0,0,0
440,C,VIOLA,Benevento,0,0.0,0.0,0,0,0,0,0,0,0,0,0,0,0,0,0
441,A,BELOTTI,Torino,2,7.0,10.0,2,0,2,0,0,0,0,0,0,0,0,0,0
447,A,LA GUMINA,Sampdoria,0,0.0,0.0,0,0,0,0,0,0,0,0,0,0,0,0,0
453,P,SZCZESNY,Juventus,2,6.5,5.5,0,0,0,2,0,0,0,0,0,0,0,0,0
454,D,CAPRADOSSI,Spezia,0,0.0,0.0,0,0,0,0,0,0,0,0,0,0,0,0,0
459,D,MANOLAS,Napoli,2,6.5,6.5,0,0,0,0,0,0,0,0,0,0,0,0,0
460,D,ROMAGNOLI,Milan,0,0.0,0.0,0,0,0,0,0,0,0,0,0,0,0,0,0
464,D,FLORENZI,Roma,0,0.0,0.0,0,0,0,0,0,0,0,0,0,0,0,0,0
467,C,NAINGGOLAN,Inter,1,6.0,6.0,0,0,0,0,0,0,0,0,0,0,0,0,0
472,A,DESTRO,Genoa,2,6.0,7.25,1,0,1,0,0,0,0,0,0,0,1,0,0
474,A,GERVINHO,Parma,2,5.75,5.75,0,0,0,0,0,0,0,0,0,0,0,0,0
475,A,IAGO FALQUE,Benevento,1,5.5,5.5,0,0,0,0,0,0,0,0,0,0,0,0,0
487,D,DE SILVESTRI,Bologna,3,5.67,5.67,0,0,0,0,0,0,0,0,0,0,0,0,0
490,D,REGINI,Sampdoria,1,0.0,0.0,0,0,0,0,0,0,0,0,0,0,0,0,0
495,A,CORREA,Lazio,2,5.5,5.5,0,0,0,0,0,0,0,0,0,0,0,0,0
505,A,BONAZZOLI,Torino,2,6.0,6.5,0,1,0,0,0,0,0,0,1,0,0,0,0
507,A,MURIEL,Atalanta,3,7.0,10.5,2,1,2,0,0,0,0,0,1,0,0,0,0
509,P,CONSIGLI,Sassuolo,3,6.17,5.17,0,0,0,3,0,0,0,0,0,0,0,0,0
510,P,PEGOLO,Sassuolo,0,0.0,0.0,0,0,0,0,0,0,0,0,0,0,0,0,0
513,D,ACERBI,Lazio,3,6.33,6.5,0,1,0,0,0,0,0,0,1,0,1,0,0
514,D,ANTEI,Benevento,0,0.0,0.0,0,0,0,0,0,0,0,0,0,0,0,0,0
517,D,DELL'ORCO,Spezia,1,4.5,4.5,0,0,0,0,0,0,0,0,0,0,0,0,0
519,D,GAZZOLA,Parma,0,0.0,0.0,0,0,0,0,0,0,0,0,0,0,0,0,0
521,D,PELUSO,Sassuolo,1,0.0,0.0,0,0,0,0,0,0,0,0,0,0,0,0,0
526,C,DUNCAN,Fiorentina,2,6.5,6.5,0,0,0,0,0,0,0,0,0,0,0,0,0
528,C,MAGNANELLI,Sassuolo,0,0.0,0.0,0,0,0,0,0,0,0,0,0,0,0,0,0
530,C,PELLEGRINI LO.,Roma,3,6.17,6.0,0,0,0,0,0,0,0,0,0,0,1,0,0
531,A,BERARDI,Sassuolo,3,6.83,9.17,2,1,1,0,0,1,1,0,1,0,0,0,0
536,C,POLITANO,Napoli,2,6.5,9.5,1,0,1,0,0,0,0,0,0,0,0,0,0
537,A,SANSONE,Bologna,3,5.5,5.17,0,0,0,0,0,0,0,0,0,0,2,0,0
543,P,PADELLI,Inter,0,0.0,0.0,0,0,0,0,0,0,0,0,0,0,0,0,0
546,D,BRUNO PERES,Roma,1,5.5,5.5,0,0,0,0,0,0,0,0,0,0,0,0,0
548,D,GLIK,Benevento,3,5.0,5.0,0,0,0,0,0,0,0,0,0,0,0,0,0
550,D,MAKSIMOVIC,Napoli,1,6.0,6.0,0,0,0,0,0,0,0,0,0,0,0,0,0
554,D,ZAPPACOSTA,Genoa,2,5.5,6.75,1,0,1,0,0,0,0,0,0,0,1,0,0
556,C,BASELLI,Torino,0,0.0,0.0,0,0,0,0,0,0,0,0,0,0,0,0,0
557,C,BENASSI,Verona,0,0.0,0.0,0,0,0,0,0,0,0,0,0,0,0,0,0
568,A,QUAGLIARELLA,Sampdoria,3,6.5,8.5,2,0,1,0,0,1,1,0,0,0,0,0,0
572,P,MERET,Napoli,1,6.0,6.0,0,0,0,0,0,0,0,0,0,0,0,0,0
574,P,SCUFFET,Udinese,0,0.0,0.0,0,0,0,0,0,0,0,0,0,0,0,0,0
578,D,DANILO LAR.,Bologna,3,5.5,5.5,0,0,0,0,0,0,0,0,0,0,0,0,0
581,D,FARAONI,Verona,3,5.83,5.83,0,0,0,0,0,0,0,0,0,0,0,0,0
589,C,BADU,Verona,0,0.0,0.0,0,0,0,0,0,0,0,0,0,0,0,0,0
600,C,VERRE,Sampdoria,3,6.67,7.67,1,0,1,0,0,0,0,0,0,0,0,0,0
608,A,ZAPATA D.,Atalanta,3,6.67,8.33,1,2,1,0,0,0,0,0,2,0,0,0,0
610,P,GOLLINI,Atalanta,0,0.0,0.0,0,0,0,0,0,0,0,0,0,0,0,0,0
611,P,RAFAEL,Spezia,2,6.75,5.75,0,1,0,3,0,0,0,0,1,0,0,0,0
627,C,IONITA,Benevento,3,5.5,5.5,0,0,0,0,0,0,0,0,0,0,0,0,0
630,D,SALA,Spezia,2,5.0,4.75,0,0,0,0,0,0,0,0,0,0,1,0,0
632,C,ZACCAGNI,Verona,3,6.0,6.0,0,0,0,0,0,0,0,0,0,0,0,0,0
633,C,FARES,Lazio,1,6.0,5.5,0,0,0,0,0,0,0,0,0,0,1,0,0
637,A,SILIGARDI,Crotone,2,5.5,5.5,0,0,0,0,0,0,0,0,0,0,0,0,0
640,D,CHIRICHES,Sassuolo,3,5.83,5.5,0,0,0,0,0,0,0,0,0,0,2,0,0
643,A,DEFREL,Sassuolo,3,6.33,7.67,1,1,1,0,0,0,0,0,1,0,0,0,0
644,C,PULGAR,Fiorentina,0,0.0,0.0,0,0,0,0,0,0,0,0,0,0,0,0,0
645,C,MILINKOVIC-SAVIC,Lazio,3,6.5,7.83,1,1,1,0,0,0,0,0,1,0,0,0,0
647,A,DZEKO,Roma,2,5.25,5.25,0,0,0,0,0,0,0,0,0,0,0,0,0
652,A,KALINIC,Verona,0,0.0,0.0,0,0,0,0,0,0,0,0,0,0,0,0,0
654,P,ALASTRA,Parma,0,0.0,0.0,0,0,0,0,0,0,0,0,0,0,0,0,0
662,D,ALEX SANDRO,Juventus,0,0.0,0.0,0,0,0,0,0,0,0,0,0,0,0,0,0
669,C,DONSAH,Bologna,0,0.0,0.0,0,0,0,0,0,0,0,0,0,0,0,0,0
673,P,PERISAN,Udinese,0,0.0,0.0,0,0,0,0,0,0,0,0,0,0,0,0,0
695,D,TOLOI,Atalanta,2,6.0,5.75,0,0,0,0,0,0,0,0,0,0,1,0,0
697,D,CUADRADO,Juventus,2,6.0,6.0,0,0,0,0,0,0,0,0,0,0,0,0,0
704,C,PERISIC,Inter,3,5.17,5.17,0,0,0,0,0,0,0,0,0,0,0,0,0
706,D,ANSALDI,Torino,1,5.5,5.5,0,0,0,0,0,0,0,0,0,0,0,0,0
729,D,PEREIRA P.,Crotone,2,5.75,5.75,0,0,0,0,0,0,0,0,0,0,0,0,0
761,P,AUDERO,Sampdoria,3,6.67,4.67,0,1,0,7,0,0,0,0,1,0,0,0,0
767,A,TUPTA,Verona,2,5.0,5.0,0,0,0,0,0,0,0,0,0,0,0,0,0
770,D,PEZZELLA GIU.,Parma,2,6.25,6.0,0,0,0,0,0,0,0,0,0,0,1,0,0
772,C,KRAGL,Benevento,0,0.0,0.0,0,0,0,0,0,0,0,0,0,0,0,0,0
779,C,CRISTANTE,Roma,2,5.5,5.5,0,0,0,0,0,0,0,0,0,0,0,0,0
785,A,IMMOBILE,Lazio,3,5.67,6.33,1,0,1,0,0,0,0,0,0,0,0,1,0
787,D,DJIMSITI,Atalanta,2,6.25,6.0,0,0,0,0,0,0,0,0,0,0,1,0,0
788,C,FREULER,Atalanta,3,6.33,6.0,0,0,0,0,0,0,0,0,0,0,2,0,0
790,D,SAMIR,Udinese,3,5.83,5.83,0,0,0,0,0,0,0,0,0,0,0,0,0
798,D,SKRINIAR,Inter,2,6.0,6.0,0,0,0,0,0,0,0,0,0,0,0,0,0
801,C,GAGLIARDINI,Inter,2,6.5,8.5,1,1,1,0,0,0,0,0,1,0,0,0,0
819,A,FAVILLI,Verona,2,6.25,7.5,1,0,1,0,0,0,0,0,0,0,1,0,0
824,D,ADJAPONG,Sassuolo,0,0.0,0.0,0,0,0,0,0,0,0,0,0,0,0,0,0
827,C,LOCATELLI,Sassuolo,3,7.0,8.0,1,0,1,0,0,0,0,0,0,0,0,0,0
1839,A,EDERA,Torino,0,0.0,0.0,0,0,0,0,0,0,0,0,0,0,0,0,0
1843,P,RADU I.,Inter,0,0.0,0.0,0,0,0,0,0,0,0,0,0,0,0,0,0
1847,D,CALDARA,Atalanta,1,5.5,5.0,0,0,0,0,0,0,0,0,0,0,1,0,0
1850,C,KESSIE',Milan,3,6.67,8.0,1,1,0,0,0,1,1,0,1,0,0,0,0
1851,C,MOLINA S.,Crotone,3,6.17,6.33,0,1,0,0,0,0,0,0,1,0,1,0,0
1852,D,SPINAZZOLA,Roma,3,6.5,6.5,0,0,0,0,0,0,0,0,0,0,0,0,0
1864,D,BRUNO ALVES,Parma,3,5.33,5.0,0,0,0,0,0,0,0,0,0,0,2,0,0
1866,D,CEPPITELLI,Cagliari,0,0.0,0.0,0,0,0,0,0,0,0,0,0,0,0,0,0
1868,D,MURRU,Torino,1,5.0,5.0,0,0,0,0,0,0,0,0,0,0,0,0,0
1869,D,PISACANE,Cagliari,1,5.5,5.5,0,0,0,0,0,0,0,0,0,0,0,0,0
1870,C,BARELLA,Inter,3,6.0,6.0,0,1,0,0,0,0,0,0,1,0,2,0,0
1871,C,DEIOLA,Spezia,2,5.5,5.5,0,0,0,0,0,0,0,0,0,0,0,0,0
1874,A,JOAO PEDRO,Cagliari,3,6.17,7.5,1,1,1,0,0,0,0,0,1,0,0,0,0
1876,D,PAJAC,Cagliari,0,0.0,0.0,0,0,0,0,0,0,0,0,0,0,0,0,0
1879,A,FARIAS,Spezia,2,5.5,5.25,0,0,0,0,0,0,0,0,0,0,1,0,0
1882,A,SAU,Benevento,2,6.5,7.5,0,2,0,0,0,0,0,0,1,1,0,0,0
1889,P,CORDAZ,Crotone,3,6.17,2.83,0,0,0,10,0,0,0,0,0,0,0,0,0
1890,P,FESTA,Crotone,0,0.0,0.0,0,0,0,0,0,0,0,0,0,0,0,0,0
1891,D,CECCHERINI,Verona,3,5.0,4.0,0,0,0,0,0,0,0,0,0,0,2,0,1
1895,D,FERRARI G.,Sassuolo,3,6.33,6.67,0,1,0,0,0,0,0,0,1,0,0,0,0
1915,C,TELLO,Benevento,0,0.0,0.0,0,0,0,0,0,0,0,0,0,0,0,0,0
1917,P,DRAGOWSKI,Fiorentina,3,6.0,4.0,0,0,0,6,0,0,0,0,0,0,0,0,0
1921,P,ZIMA,Genoa,0,0.0,0.0,0,0,0,0,0,0,0,0,0,0,0,0,0
1930,P,PINSOGLIO,Juventus,0,0.0,0.0,0,0,0,0,0,0,0,0,0,0,0,0,0
1933,C,MANDRAGORA,Udinese,0,0.0,0.0,0,0,0,0,0,0,0,0,0,0,0,0,0
1934,P,STRAKOSHA,Lazio,3,5.83,4.17,0,0,0,5,0,0,0,0,0,0,0,0,0
1939,A,LAPADULA,Benevento,3,6.17,7.5,1,1,1,0,0,0,0,0,1,0,0,0,0
1943,A,NESTOROVSKI,Udinese,3,6.0,6.0,0,0,0,0,0,0,0,0,0,0,0,0,0
1946,P,ARESTI,Cagliari,0,0.0,0.0,0,0,0,0,0,0,0,0,0,0,0,0,0
1950,D,MAZZOTTA,Crotone,1,4.5,4.0,0,0,0,0,0,0,0,0,0,0,1,0,0
1958,A,CAPRARI,Benevento,3,6.0,8.33,2,1,2,0,0,0,0,0,0,1,0,0,0
1974,A,SCHICK,Roma,0,0.0,0.0,0,0,0,0,0,0,0,0,0,0,0,0,0
1978,C,SENSI,Inter,3,5.83,5.5,0,0,0,0,0,0,0,0,0,0,0,1,0
1979,D,BARRECA,Fiorentina,0,0.0,0.0,0,0,0,0,0,0,0,0,0,0,0,0,0
1982,C,PARIGINI,Genoa,0,0.0,0.0,0,0,0,0,0,0,0,0,0,0,0,0,0
1987,C,JANKTO,Sampdoria,2,5.5,5.5,0,0,0,0,0,0,0,0,0,0,0,0,0
1995,C,DJURICIC,Sassuolo,3,6.0,6.83,1,0,1,0,0,0,0,0,0,0,1,0,0
1996,C,DE PAUL,Udinese,3,6.33,6.33,0,0,0,0,0,0,0,0,0,0,0,0,0
1997,A,SIMY,Crotone,3,5.67,6.5,1,0,0,0,0,1,1,0,0,0,1,0,0
1998,A,PJACA,Genoa,2,6.0,7.5,1,0,1,0,0,0,0,0,0,0,0,0,0
1999,D,LUKAKU J.,Lazio,0,0.0,0.0,0,0,0,0,0,0,0,0,0,0,0,0,0
2002,C,CHIESA,Juventus,3,6.67,8.0,1,1,1,0,0,0,0,0,1,0,0,0,0
2006,D,LIROLA,Fiorentina,2,6.0,6.0,0,0,0,0,0,0,0,0,0,0,0,0,0
2007,D,WALLACE,Lazio,0,0.0,0.0,0,0,0,0,0,0,0,0,0,0,0,0,0
2008,C,LINETTY,Torino,2,5.5,5.25,0,0,0,0,0,0,0,0,0,0,1,0,0
2009,C,LUKIC,Torino,2,5.5,5.5,0,0,0,0,0,0,0,0,0,0,0,0,0
2011,C,MIGUEL VELOSO,Verona,2,6.25,6.25,0,0,0,0,0,0,0,0,0,0,0,0,0
2012,A,MILIK,Napoli,0,0.0,0.0,0,0,0,0,0,0,0,0,0,0,0,0,0
2013,A,RICCI F.,Sassuolo,1,0.0,0.0,0,0,0,0,0,0,0,0,0,0,0,0,0
2016,D,FAZIO,Roma,0,0.0,0.0,0,0,0,0,0,0,0,0,0,0,0,0,0
2038,A,PINAMONTI,Inter,0,0.0,0.0,0,0,0,0,0,0,0,0,0,0,0,0,0
2061,A,SIMEONE,Cagliari,3,5.5,6.5,1,0,1,0,0,0,0,0,0,0,0,0,0
2062,D,BASTOS,Lazio,2,5.75,5.75,0,0,0,0,0,0,0,0,0,0,0,0,0
2075,C,CRISTOFORO,Fiorentina,0,0.0,0.0,0,0,0,0,0,0,0,0,0,0,0,0,0
2076,C,ROG,Cagliari,3,5.83,5.67,0,0,0,0,0,0,0,0,0,0,1,0,0
2077,C,PASALIC,Atalanta,3,6.5,8.0,1,0,1,0,0,0,0,0,0,0,0,0,0
2083,D,BIRASCHI,Genoa,2,5.5,5.5,0,0,0,0,0,0,0,0,0,0,0,0,0
2085,C,LUIS ALBERTO,Lazio,3,6.17,6.0,0,0,0,0,0,0,0,0,0,0,1,0,0
2104,D,BERESZYNSKI,Sampdoria,3,5.83,5.83,0,0,0,0,0,0,0,0,0,0,0,0,0
2107,C,KIYINE,Lazio,0,0.0,0.0,0,0,0,0,0,0,0,0,0,0,0,0,0
2116,D,FARAGO',Cagliari,3,4.75,4.5,0,0,0,0,0,0,0,0,0,0,1,0,0
2119,A,DEULOFEU,Udinese,0,0.0,0.0,0,0,0,0,0,0,0,0,0,0,0,0,0
2120,D,BASTONI,Inter,2,6.0,6.0,0,0,0,0,0,0,0,0,0,0,0,0,0
2121,C,MELEGONI,Genoa,2,6.0,6.0,0,0,0,0,0,0,0,0,0,0,0,0,0
2124,C,ZAJC,Genoa,2,5.5,5.25,0,0,0,0,0,0,0,0,0,0,1,0,0
2130,D,HATEBOER,Atalanta,3,6.83,8.83,2,0,2,0,0,0,0,0,0,0,0,0,0
2137,A,SCAMACCA,Genoa,0,0.0,0.0,0,0,0,0,0,0,0,0,0,0,0,0,0
2141,D,DEPAOLI,Atalanta,2,5.5,5.5,0,0,0,0,0,0,0,0,0,0,0,0,0
2143,D,CUOMO,Crotone,0,0.0,0.0,0,0,0,0,0,0,0,0,0,0,0,0,0
2144,C,COULIBALY,Udinese,3,6.0,6.0,0,0,0,0,0,0,0,0,0,0,0,0,0
2154,A,VIGNATO,Bologna,2,6.0,6.0,0,0,0,0,0,0,0,0,0,0,0,0,0
2155,A,CUTRONE,Fiorentina,3,5.5,5.5,0,0,0,0,0,0,0,0,0,0,0,0,0
2160,D,GOSENS,Atalanta,3,7.0,8.67,1,2,1,0,0,0,0,0,2,0,0,0,0
2163,A,CORNELIUS,Parma,2,5.5,5.5,0,0,0,0,0,0,0,0,0,0,0,0,0
2164,D,MILENKOVIC,Fiorentina,3,6.17,6.0,0,0,0,0,0,0,0,0,0,0,1,0,0
2166,C,BENTANCUR,Juventus,2,6.0,6.0,0,0,0,0,0,0,0,0,0,0,0,0,0
2167,A,ORSOLINI,Bologna,3,5.5,5.5,0,0,0,0,0,0,0,0,0,0,0,0,0
2168,D,MUSACCHIO,Milan,0,0.0,0.0,0,0,0,0,0,0,0,0,0,0,0,0,0
2169,D,RODRIGUEZ R.,Torino,0,0.0,0.0,0,0,0,0,0,0,0,0,0,0,0,0,0
2170,P,MILINKOVIC-SAVIC V.,Torino,0,0.0,0.0,0,0,0,0,0,0,0,0,0,0,0,0,0
2171,D,LYANCO,Torino,0,0.0,0.0,0,0,0,0,0,0,0,0,0,0,0,0,0
2172,C,BARAK,Verona,3,6.0,6.0,0,0,0,0,0,0,0,0,0,0,0,0,0
2174,D,VENUTI,Fiorentina,1,0.0,0.0,0,0,0,0,0,0,0,0,0,0,0,0,0
2178,P,CRAGNO,Cagliari,3,6.5,3.83,0,0,0,8,0,0,0,0,0,0,0,0,0
2179,P,SIRIGU,Torino,2,6.5,4.0,0,0,0,5,0,0,0,0,0,0,0,0,0
2180,D,KARSDORP,Roma,1,6.0,6.0,0,0,0,0,0,0,0,0,0,0,0,0,0
2181,D,PALOMINO,Atalanta,3,6.33,6.67,0,1,0,0,0,0,0,0,1,0,0,0,0
2188,C,MARUSIC,Lazio,3,5.67,5.83,0,1,0,0,0,0,0,0,1,0,1,0,0
2192,D,BONIFAZI,Udinese,0,0.0,0.0,0,0,0,0,0,0,0,0,0,0,0,0,0
2194,C,CALHANOGLU,Milan,3,6.67,6.83,0,1,0,0,0,0,0,0,0,1,1,0,0
2195,A,OUNAS,Cagliari,0,0.0,0.0,0,0,0,0,0,0,0,0,0,0,0,0,0
2196,A,GALABINOV,Spezia,3,7.0,10.0,3,0,3,0,0,0,0,0,0,0,0,0,0
2197,D,CASTAGNE,Atalanta,0,0.0,0.0,0,0,0,0,0,0,0,0,0,0,0,0,0
2200,C,DOUGLAS COSTA,Juventus,2,6.0,6.0,0,0,0,0,0,0,0,0,0,0,0,0,0
2201,C,UNDER,Roma,0,0.0,0.0,0,0,0,0,0,0,0,0,0,0,0,0,0
2205,C,BERENGUER,Torino,2,6.0,6.0,0,0,0,0,0,0,0,0,0,0,0,0,0
2208,D,JAROSZYNSKI,Genoa,0,0.0,0.0,0,0,0,0,0,0,0,0,0,0,0,0,0
2209,C,LUCAS LEIVA,Lazio,3,5.33,5.0,0,0,0,0,0,0,0,0,0,0,2,0,0
2211,P,SILVESTRI,Verona,3,6.33,6.0,0,0,0,1,0,0,0,0,0,0,0,0,0
2213,C,CASSATA,Genoa,0,0.0,0.0,0,0,0,0,0,0,0,0,0,0,0,0,0
2214,D,KOLAROV,Inter,2,5.25,5.25,0,0,0,0,0,0,0,0,0,0,0,0,0
2215,C,VERETOUT,Roma,3,6.67,8.67,2,0,1,0,0,1,1,0,0,0,0,0,0
2244,C,DEL PINTO,Benevento,0,0.0,0.0,0,0,0,0,0,0,0,0,0,0,0,0,0
2252,D,MARCHIZZA,Spezia,1,6.0,6.0,0,0,0,0,0,0,0,0,0,0,0,0,0
2263,C,LAZZARI,Lazio,3,6.33,7.17,1,0,1,0,0,0,0,0,0,0,1,0,0
2264,C,MORA,Spezia,2,6.0,6.0,0,0,0,0,0,0,0,0,0,0,0,0,0
2265,C,SCHIATTARELLA,Benevento,3,5.33,5.0,0,0,0,0,0,0,0,0,0,0,2,0,0
2271,P,NICOLAS,Udinese,0,0.0,0.0,0,0,0,0,0,0,0,0,0,0,0,0,0
2279,D,ROMAGNA,Sassuolo,0,0.0,0.0,0,0,0,0,0,0,0,0,0,0,0,0,0
2280,D,NUYTINCK,Udinese,0,0.0,0.0,0,0,0,0,0,0,0,0,0,0,0,0,0
2284,A,CAICEDO,Lazio,2,6.25,7.5,1,0,1,0,0,0,0,0,0,0,1,0,0
2285,D,BANI,Genoa,0,0.0,0.0,0,0,0,0,0,0,0,0,0,0,0,0,0
2286,C,CROCIATA,Crotone,0,0.0,0.0,0,0,0,0,0,0,0,0,0,0,0,0,0
2287,C,RAMIREZ,Sampdoria,3,6.0,5.83,0,0,0,0,0,0,0,0,0,0,1,0,0
2288,D,N'KOULOU,Torino,2,5.5,5.5,0,0,0,0,0,0,0,0,0,0,0,0,0
2289,D,DALBERT,Inter,0,0.0,0.0,0,0,0,0,0,0,0,0,0,0,0,0,0
2296,D,MANCINI,Roma,3,6.0,6.0,0,0,0,0,0,0,0,0,0,0,0,0,0
2297,P,ROSSI F.,Atalanta,0,0.0,0.0,0,0,0,0,0,0,0,0,0,0,0,0,0
2302,C,BEHRAMI,Genoa,2,6.0,6.0,0,0,0,0,0,0,0,0,0,0,0,0,0
2304,A,SALCEDO E.,Verona,1,5.5,5.5,0,0,0,0,0,0,0,0,0,0,0,0,0
2309,D,PEZZELLA GER.,Fiorentina,0,0.0,0.0,0,0,0,0,0,0,0,0,0,0,0,0,0
2315,D,STRYGER LARSEN,Udinese,0,0.0,0.0,0,0,0,0,0,0,0,0,0,0,0,0,0
2316,C,ZANELLATO,Crotone,2,5.75,5.75,0,0,0,0,0,0,0,0,0,0,0,0,0
2318,D,ROGERIO,Sassuolo,1,6.0,6.0,0,0,0,0,0,0,0,0,0,0,0,0,0
2325,A,KARAMOH,Parma,3,6.33,6.67,0,1,0,0,0,0,0,0,1,0,0,0,0
2327,A,STEPINSKI,Verona,0,0.0,0.0,0,0,0,0,0,0,0,0,0,0,0,0,0
2334,C,LERIS,Sampdoria,2,5.75,5.75,0,0,0,0,0,0,0,0,0,0,0,0,0
2335,D,LUIZ FELIPE,Lazio,0,0.0,0.0,0,0,0,0,0,0,0,0,0,0,0,0,0
2355,D,MARLON,Sassuolo,0,0.0,0.0,0,0,0,0,0,0,0,0,0,0,0,0,0
2357,C,CYPRIEN,Parma,0,0.0,0.0,0,0,0,0,0,0,0,0,0,0,0,0,0
2378,C,PASTORE,Roma,0,0.0,0.0,0,0,0,0,0,0,0,0,0,0,0,0,0
2379,C,RABIOT,Juventus,2,5.0,4.5,0,0,0,0,0,0,0,0,0,0,0,1,0
2391,C,EKDAL,Sampdoria,3,5.83,5.67,0,0,0,0,0,0,0,0,0,0,1,0,0
2392,C,WALACE,Udinese,0,0.0,0.0,0,0,0,0,0,0,0,0,0,0,0,0,0
2409,A,RIBERY,Fiorentina,2,6.75,7.75,0,2,0,0,0,0,0,0,2,0,0,0,0
2414,C,VIDAL,Inter,3,6.33,6.17,0,0,0,0,0,0,0,0,0,0,1,0,0
2468,P,OSPINA,Napoli,1,6.0,6.0,0,0,0,0,0,0,0,0,0,0,0,0,0
2472,C,RAMSEY,Juventus,2,6.5,7.0,0,1,0,0,0,0,0,0,1,0,0,0,0
2475,A,SANCHEZ,Inter,3,6.75,7.75,0,2,0,0,0,0,0,0,2,0,0,0,0
2489,A,PEDRO,Roma,3,6.5,7.5,1,0,1,0,0,0,0,0,0,0,0,0,0
2525,D,DARMIAN,Inter,3,6.0,5.83,0,0,0,0,0,0,0,0,0,0,1,0,0
2529,C,MKHITARYAN,Roma,3,5.83,6.17,0,1,0,0,0,0,0,0,1,0,0,0,0
2530,A,IBRAHIMOVIC,Milan,1,7.5,13.5,2,0,1,0,0,1,1,0,0,0,0,0,0
2531,A,LUKAKU,Inter,3,6.67,9.5,3,0,3,0,0,0,0,0,0,0,1,0,0
2556,C,ERIKSEN,Inter,2,5.5,5.5,0,0,0,0,0,0,0,0,0,0,0,0,0
2572,D,GODIN,Cagliari,1,5.0,8.0,1,0,1,0,0,0,0,0,0,0,0,0,0
2610,A,RONALDO,Juventus,2,7.0,11.5,3,0,2,0,0,1,1,0,0,0,0,0,0
2625,C,SORIANO,Bologna,3,6.67,9.0,2,1,2,0,0,0,0,0,1,0,0,0,0
2633,D,KJAER,Milan,3,6.5,6.5,0,0,0,0,0,0,0,0,0,0,0,0,0
2639,C,BAKAYOKO,Napoli,0,0.0,0.0,0,0,0,0,0,0,0,0,0,0,0,0,0
2653,D,LYKOGIANNIS,Cagliari,3,5.33,5.67,0,1,0,0,0,0,0,0,1,0,0,0,0
2659,C,DABO,Benevento,3,6.0,5.83,0,0,0,0,0,0,0,0,0,0,1,0,0
2664,D,EL YAMIQ,Genoa,0,0.0,0.0,0,0,0,0,0,0,0,0,0,0,0,0,0
2692,C,CASTILLEJO,Milan,2,5.5,5.25,0,0,0,0,0,0,0,0,0,0,1,0,0
2703,C,ADRIEN SILVA,Sampdoria,0,0.0,0.0,0,0,0,0,0,0,0,0,0,0,0,0,0
2707,D,YOUNG,Inter,3,5.83,6.0,0,1,0,0,0,0,0,0,1,0,1,0,0
2719,A,BARROW,Bologna,3,5.83,5.83,0,0,0,0,0,0,0,0,0,0,0,0,0
2722,P,RAVAGLIA F.,Bologna,0,0.0,0.0,0,0,0,0,0,0,0,0,0,0,0,0,0
2724,D,BUONGIORNO,Torino,0,0.0,0.0,0,0,0,0,0,0,0,0,0,0,0,0,0
2725,C,CALIGARA,Cagliari,3,5.67,5.67,0,0,0,0,0,0,0,0,0,0,0,0,0
2726,C,DANZI,Verona,1,5.5,5.0,0,0,0,0,0,0,0,0,0,0,1,0,0
2728,D,PELLEGRINI LU.,Genoa,1,5.0,5.0,0,0,0,0,0,0,0,0,0,0,0,0,0
2739,D,RECA,Crotone,2,5.75,5.75,0,0,0,0,0,0,0,0,0,0,0,0,0
2741,C,PESSINA,Atalanta,0,0.0,0.0,0,0,0,0,0,0,0,0,0,0,0,0,0
2743,A,SANTANDER,Bologna,2,0.0,0.0,0,0,0,0,0,0,0,0,0,0,0,0,0
2744,C,SVANBERG,Bologna,2,6.5,6.0,0,0,0,0,0,0,0,0,0,0,1,0,0
2745,D,CALABRESI,Bologna,0,0.0,0.0,0,0,0,0,0,0,0,0,0,0,0,0,0
2746,D,DIJKS,Bologna,1,4.5,3.5,0,0,0,0,0,0,0,0,0,0,0,1,0
2747,D,PAZ,Bologna,0,0.0,0.0,0,0,0,0,0,0,0,0,0,0,0,0,0
2758,D,GUNTER,Verona,3,6.33,6.33,0,0,0,0,0,0,0,0,0,0,0,0,0
2759,D,CRISCITO,Genoa,0,0.0,0.0,0,0,0,0,0,0,0,0,0,0,0,0,0
2762,A,KOUAME',Fiorentina,3,5.5,6.5,1,0,1,0,0,0,0,0,0,0,0,0,0
2764,A,MARTINEZ L.,Inter,3,7.17,10.17,3,0,3,0,0,0,0,0,0,0,0,0,0
2766,C,ZANIOLO,Roma,0,0.0,0.0,0,0,0,0,0,0,0,0,0,0,0,0,0
2769,D,MAGNANI,Verona,0,0.0,0.0,0,0,0,0,0,0,0,0,0,0,0,0,0
2770,P,PROTO,Lazio,0,0.0,0.0,0,0,0,0,0,0,0,0,0,0,0,0,0
2773,A,SPROCATI,Parma,1,5.5,5.5,0,0,0,0,0,0,0,0,0,0,0,0,0
2775,C,RUIZ,Napoli,2,5.75,5.75,0,0,0,0,0,0,0,0,0,0,0,0,0
2776,A,YOUNES,Napoli,0,0.0,0.0,0,0,0,0,0,0,0,0,0,0,0,0,0
2779,C,KLUIVERT,Roma,2,0.0,0.0,0,0,0,0,0,0,0,0,0,0,0,0,0
2784,D,COLLEY,Sampdoria,2,6.0,7.5,1,0,1,0,0,0,0,0,0,0,0,0,0
2788,D,BREMER,Torino,2,5.75,5.75,0,0,0,0,0,0,0,0,0,0,0,0,0
2789,C,MEITE',Torino,2,5.75,5.75,0,0,0,0,0,0,0,0,0,0,0,0,0
2790,P,ROSATI,Torino,0,0.0,0.0,0,0,0,0,0,0,0,0,0,0,0,0,0
2792,P,MUSSO,Udinese,3,6.17,4.83,0,0,0,4,0,0,0,0,0,0,0,0,0
2795,D,TER AVEST,Udinese,3,5.5,5.5,0,0,0,0,0,0,0,0,0,0,0,0,0
2798,P,DINI,Parma,0,0.0,0.0,0,0,0,0,0,0,0,0,0,0,0,0,0
2801,D,IACOPONI,Parma,2,4.25,3.75,0,0,0,0,0,0,0,0,0,0,0,1,0
2804,C,SCOZZARELLA,Parma,0,0.0,0.0,0,0,0,0,0,0,0,0,0,0,0,0,0
2814,P,PROVEDEL,Spezia,0,0.0,0.0,0,0,0,0,0,0,0,0,0,0,0,0,0
2815,P,TERRACCIANO,Fiorentina,0,0.0,0.0,0,0,0,0,0,0,0,0,0,0,0,0,0
2816,D,DI LORENZO,Napoli,2,6.25,6.25,0,0,0,0,0,0,0,0,0,0,0,0,0
2818,C,BENNACER,Milan,3,6.0,6.0,0,0,0,0,0,0,0,0,0,0,0,0,0
2819,A,CAPUTO,Sassuolo,3,6.83,10.17,3,1,2,0,0,1,1,0,1,0,0,0,0
2825,C,BOURABIA,Sassuolo,3,6.0,7.0,1,0,1,0,0,0,0,0,0,0,0,0,0
2826,A,PUSSETTO,Udinese,0,0.0,0.0,0,0,0,0,0,0,0,0,0,0,0,0,0
2832,A,BOGA,Sassuolo,0,0.0,0.0,0,0,0,0,0,0,0,0,0,0,0,0,0
2833,C,KULUSEVSKI,Juventus,2,6.25,7.75,1,0,1,0,0,0,0,0,0,0,0,0,0
2835,C,KINGSLEY,Bologna,0,0.0,0.0,0,0,0,0,0,0,0,0,0,0,0,0,0
2839,C,SOTTIL,Cagliari,3,5.83,5.83,0,0,0,0,0,0,0,0,0,0,0,0,0
2841,A,VLAHOVIC,Fiorentina,3,5.83,6.83,1,0,1,0,0,0,0,0,0,0,0,0,0
2845,P,CONTINI,Napoli,0,0.0,0.0,0,0,0,0,0,0,0,0,0,0,0,0,0
2848,C,FRATTESI,Sassuolo,0,0.0,0.0,0,0,0,0,0,0,0,0,0,0,0,0,0
2852,C,RICCARDI,Roma,0,0.0,0.0,0,0,0,0,0,0,0,0,0,0,0,0,0
2853,A,MONCINI,Benevento,3,5.5,5.5,0,0,0,0,0,0,0,0,0,0,0,0,0
2854,C,BRADARIC,Cagliari,0,0.0,0.0,0,0,0,0,0,0,0,0,0,0,0,0,0
2855,C,VIEIRA,Verona,0,0.0,0.0,0,0,0,0,0,0,0,0,0,0,0,0,0
2857,C,TRAORE' HJ.,Sassuolo,2,6.0,6.0,0,0,0,0,0,0,0,0,0,0,0,0,0
2860,D,MALCUIT,Napoli,0,0.0,0.0,0,0,0,0,0,0,0,0,0,0,0,0,0
2865,D,AINA,Torino,0,0.0,0.0,0,0,0,0,0,0,0,0,0,0,0,0,0
2869,D,DJIDJI,Crotone,0,0.0,0.0,0,0,0,0,0,0,0,0,0,0,0,0,0
2870,D,TROOST-EKONG,Udinese,0,0.0,0.0,0,0,0,0,0,0,0,0,0,0,0,0,0
2871,D,KLAVAN,Cagliari,3,5.75,5.75,0,0,0,0,0,0,0,0,0,0,0,0,0
2873,A,TEODORCZYK,Udinese,0,0.0,0.0,0,0,0,0,0,0,0,0,0,0,0,0,0
4160,D,HAKIMI,Inter,3,6.67,8.33,1,2,1,0,0,0,0,0,2,0,0,0,0
4237,D,DANILO,Juventus,2,6.5,7.0,0,1,0,0,0,0,0,0,1,0,0,0,0
4242,D,DALOT,Milan,0,0.0,0.0,0,0,0,0,0,0,0,0,0,0,0,0,0
4245,D,SMALLING,Roma,0,0.0,0.0,0,0,0,0,0,0,0,0,0,0,0,0,0
4249,C,PEREIRA A.,Lazio,0,0.0,0.0,0,0,0,0,0,0,0,0,0,0,0,0,0
4285,C,ARTHUR,Juventus,1,6.0,6.0,0,0,0,0,0,0,0,0,0,0,0,0,0
4287,C,LOBOTKA,Napoli,2,6.0,6.0,0,0,0,0,0,0,0,0,0,0,0,0,0
4292,D,HERNANDEZ T.,Milan,3,6.83,8.0,1,1,1,0,0,0,0,0,1,0,1,0,0
4307,D,ROMERO,Atalanta,2,6.0,6.0,0,0,0,0,0,0,0,0,0,0,0,0,0
4322,C,PAQUETA',Milan,0,0.0,0.0,0,0,0,0,0,0,0,0,0,0,0,0,0
4323,D,ZEEGELAAR,Udinese,2,5.5,5.5,0,0,0,0,0,0,0,0,0,0,0,0,0
4324,A,OKAKA,Udinese,3,5.17,5.0,0,0,0,0,0,0,0,0,0,0,1,0,0
4327,C,OLIVA,Cagliari,1,6.0,6.0,0,0,0,0,0,0,0,0,0,0,0,0,0
4330,C,LERAGER,Genoa,2,5.0,5.0,0,0,0,0,0,0,0,0,0,0,0,0,0
4331,D,IBANEZ,Roma,3,6.33,6.33,0,0,0,0,0,0,0,0,0,0,0,0,0
4332,D,DEMIRAL,Juventus,1,0.0,0.0,0,0,0,0,0,0,0,0,0,0,0,0,0
4333,A,DESPODOV,Cagliari,1,0.0,0.0,0,0,0,0,0,0,0,0,0,0,0,0,0
4335,A,SCHIAPPACASSE,Sassuolo,0,0.0,0.0,0,0,0,0,0,0,0,0,0,0,0,0,0
4346,A,MILLICO,Torino,2,6.0,6.0,0,0,0,0,0,0,0,0,0,0,0,0,0
4349,C,NICOLUSSI CAVIGLIA,Parma,0,0.0,0.0,0,0,0,0,0,0,0,0,0,0,0,0,0
4351,P,BRANCOLINI,Fiorentina,0,0.0,0.0,0,0,0,0,0,0,0,0,0,0,0,0,0
4353,C,MONTIEL,Fiorentina,0,0.0,0.0,0,0,0,0,0,0,0,0,0,0,0,0,0
4359,A,PICCOLI,Spezia,1,5.0,5.0,0,0,0,0,0,0,0,0,0,0,0,0,0
4365,D,CORBO,Bologna,0,0.0,0.0,0,0,0,0,0,0,0,0,0,0,0,0,0
4366,D,ARMINI,Lazio,0,0.0,0.0,0,0,0,0,0,0,0,0,0,0,0,0,0
4368,A,JUWARA,Bologna,0,0.0,0.0,0,0,0,0,0,0,0,0,0,0,0,0,0
4370,C,PORTANOVA,Juventus,0,0.0,0.0,0,0,0,0,0,0,0,0,0,0,0,0,0
4371,A,RASPADORI,Sassuolo,0,0.0,0.0,0,0,0,0,0,0,0,0,0,0,0,0,0
4374,D,WALUKIEWICZ,Cagliari,3,5.5,5.5,0,0,0,0,0,0,0,0,0,0,0,0,0
4377,C,CASTROVILLI,Fiorentina,3,6.67,8.67,2,0,2,0,0,0,0,0,0,0,0,0,0
4384,C,JAGIELLO,Genoa,0,0.0,0.0,0,0,0,0,0,0,0,0,0,0,0,0,0
4387,A,ADORANTE,Parma,1,0.0,0.0,0,0,0,0,0,0,0,0,0,0,0,0,0
4388,A,ADEKANYE,Lazio,0,0.0,0.0,0,0,0,0,0,0,0,0,0,0,0,0,0
4390,C,ANDERSON D.,Lazio,1,5.5,5.5,0,0,0,0,0,0,0,0,0,0,0,0,0
4393,C,SCHOUTEN,Bologna,3,5.83,5.83,0,0,0,0,0,0,0,0,0,0,0,0,0
4397,D,VAVRO,Lazio,0,0.0,0.0,0,0,0,0,0,0,0,0,0,0,0,0,0
4401,D,GABBIA,Milan,3,6.33,6.0,0,0,0,0,0,0,0,0,0,0,2,0,0
4403,D,CHABOT,Spezia,3,6.25,6.25,0,0,0,0,0,0,0,0,0,0,0,0,0
4404,C,THORSBY,Sampdoria,3,6.17,6.0,0,0,0,0,0,0,0,0,0,0,1,0,0
4406,D,TRIPALDELLI,Cagliari,2,0.0,0.0,0,0,0,0,0,0,0,0,0,0,0,0,0
4407,D,IGOR,Fiorentina,0,0.0,0.0,0,0,0,0,0,0,0,0,0,0,0,0,0
4409,D,RRAHMANI,Napoli,0,0.0,0.0,0,0,0,0,0,0,0,0,0,0,0,0,0
4411,C,AGOUME,Spezia,0,0.0,0.0,0,0,0,0,0,0,0,0,0,0,0,0,0
4412,D,RODRIGO BECAO,Udinese,3,5.17,5.17,0,0,0,0,0,0,0,0,0,0,0,0,0
4414,D,DENSWIL,Bologna,2,6.0,6.0,0,0,0,0,0,0,0,0,0,0,0,0,0
4415,A,SKOV OLSEN,Bologna,3,6.17,7.17,1,0,1,0,0,0,0,0,0,0,0,0,0
4419,P,PAU LOPEZ,Roma,0,0.0,0.0,0,0,0,0,0,0,0,0,0,0,0,0,0
4420,D,BOCCHETTI,Verona,0,0.0,0.0,0,0,0,0,0,0,0,0,0,0,0,0,0
4421,D,AUGELLO,Sampdoria,3,5.5,5.33,0,0,0,0,0,0,0,0,0,0,1,0,0
4422,D,TOMIYASU,Bologna,3,6.5,6.33,0,0,0,0,0,0,0,0,0,0,1,0,0
4423,C,HERNANI,Parma,3,5.83,6.83,1,0,1,0,0,0,0,0,0,0,0,0,0
4424,C,JONY,Lazio,0,0.0,0.0,0,0,0,0,0,0,0,0,0,0,0,0,0
4426,D,TOLJAN,Sassuolo,3,6.17,6.17,0,0,0,0,0,0,0,0,0,0,0,0,0
4427,C,MALINOVSKYI,Atalanta,3,6.33,6.67,0,1,0,0,0,0,0,0,1,0,0,0,0
4428,D,DE LIGT,Juventus,0,0.0,0.0,0,0,0,0,0,0,0,0,0,0,0,0,0
4431,P,CARNESECCHI,Atalanta,0,0.0,0.0,0,0,0,0,0,0,0,0,0,0,0,0,0
4435,A,COLLEY E.,Verona,2,6.25,6.25,0,0,0,0,0,0,0,0,0,0,0,0,0
4449,C,TONALI,Milan,3,5.83,5.83,0,0,0,0,0,0,0,0,0,0,0,0,0
4454,D,PINNA,Cagliari,0,0.0,0.0,0,0,0,0,0,0,0,0,0,0,0,0,0
4459,C,ROVELLA,Genoa,0,0.0,0.0,0,0,0,0,0,0,0,0,0,0,0,0,0
4461,D,ZAPPA,Cagliari,3,5.75,5.75,0,0,0,0,0,0,0,0,0,0,0,0,0
4463,A,ESPOSITO,Inter,0,0.0,0.0,0,0,0,0,0,0,0,0,0,0,0,0,0
4479,C,ELMAS,Napoli,2,7.0,10.0,1,0,1,0,0,0,0,0,0,0,0,0,0
4487,D,FERIGRA,Torino,0,0.0,0.0,0,0,0,0,0,0,0,0,0,0,0,0,0
4489,A,RAUTI,Torino,0,0.0,0.0,0,0,0,0,0,0,0,0,0,0,0,0,0
4491,P,BERARDI A.,Verona,0,0.0,0.0,0,0,0,0,0,0,0,0,0,0,0,0,0
4493,D,DAWIDOWICZ,Verona,1,0.0,0.0,0,0,0,0,0,0,0,0,0,0,0,0,0
4494,D,EMPEREUR,Verona,1,5.5,5.5,0,0,0,0,0,0,0,0,0,0,0,0,0
4495,D,KUMBULLA,Roma,2,6.25,6.0,0,0,0,0,0,0,0,0,0,0,1,0,0
4498,C,HENDERSON L.,Verona,0,0.0,0.0,0,0,0,0,0,0,0,0,0,0,0,0,0
4500,A,DI CARMINE,Verona,2,5.25,5.0,0,0,0,0,0,0,0,0,0,0,1,0,0
4501,C,OBIANG,Sassuolo,3,6.0,6.0,0,0,0,0,0,0,0,0,0,0,0,0,0
4510,A,RAFAEL LEAO,Milan,2,7.5,13.5,2,0,2,0,0,0,0,0,0,0,1,0,0
4511,D,DUARTE,Milan,1,6.0,6.0,0,0,0,0,0,0,0,0,0,0,0,0,0
4512,C,SCHONE,Genoa,0,0.0,0.0,0,0,0,0,0,0,0,0,0,0,0,0,0
4514,C,NANDEZ,Cagliari,3,5.83,5.67,0,0,0,0,0,0,0,0,0,0,1,0,0
4515,C,AGUDELO,Spezia,2,5.25,5.25,0,0,0,0,0,0,0,0,0,0,0,0,0
4517,A,LOZANO,Napoli,2,7.0,10.0,2,0,2,0,0,0,0,0,0,0,0,0,0
4519,D,CETIN,Verona,3,6.0,6.0,0,0,0,0,0,0,0,0,0,0,0,0,0
4520,P,LETICA,Sampdoria,0,0.0,0.0,0,0,0,0,0,0,0,0,0,0,0,0,0
4521,D,MULDUR,Sassuolo,3,5.83,5.83,0,0,0,0,0,0,0,0,0,0,0,0,0
4522,C,AMRABAT,Fiorentina,2,5.5,5.5,0,0,0,0,0,0,0,0,0,0,0,0,0
4523,P,AVOGADRI,Sampdoria,0,0.0,0.0,0,0,0,0,0,0,0,0,0,0,0,0,0
4529,D,ANKERSEN,Genoa,0,0.0,0.0,0,0,0,0,0,0,0,0,0,0,0,0,0
4530,D,KYRIAKOPOULOS,Sassuolo,3,6.33,6.17,0,0,0,0,0,0,0,0,0,0,1,0,0
4661,A,OSIMHEN,Napoli,2,6.5,6.75,0,1,0,0,0,0,0,0,1,0,1,0,0
4681,C,LOPEZ M.,Sassuolo,0,0.0,0.0,0,0,0,0,0,0,0,0,0,0,0,0,0
4725,C,DEMME,Napoli,1,6.0,5.5,0,0,0,0,0,0,0,0,0,0,1,0,0
4825,C,DIAZ B.,Milan,3,6.5,7.5,1,0,1,0,0,0,0,0,0,0,0,0,0
4862,A,DIALLO,Atalanta,0,0.0,0.0,0,0,0,0,0,0,0,0,0,0,0,0,0
4867,P,TURATI,Sassuolo,0,0.0,0.0,0,0,0,0,0,0,0,0,0,0,0,0,0
4869,C,DOMINGUEZ,Bologna,1,5.0,4.5,0,0,0,0,0,0,0,0,0,0,1,0,0
4881,D,CZYBORRA,Genoa,1,6.0,6.0,0,0,0,0,0,0,0,0,0,0,0,0,0
4883,P,BREZA,Bologna,0,0.0,0.0,0,0,0,0,0,0,0,0,0,0,0,0,0
4884,A,CARLES PEREZ,Roma,1,6.0,6.0,0,0,0,0,0,0,0,0,0,0,0,0,0
4885,C,VILLAR,Roma,2,0.0,0.0,0,0,0,0,0,0,0,0,0,0,0,0,0
4886,C,PEREIRO,Cagliari,0,0.0,0.0,0,0,0,0,0,0,0,0,0,0,0,0,0
4887,D,BELLANOVA,Atalanta,0,0.0,0.0,0,0,0,0,0,0,0,0,0,0,0,0,0
4888,D,SUTALO,Atalanta,2,5.0,5.0,0,0,0,0,0,0,0,0,0,0,0,0,0
4890,C,TAMEZE,Verona,3,6.0,6.0,0,0,0,0,0,0,0,0,0,0,0,0,0
4892,C,SAELEMAEKERS,Milan,3,6.33,6.33,0,0,0,0,0,0,0,0,0,0,0,0,0
4894,A,HARASLIN,Sassuolo,1,6.5,6.5,0,0,0,0,0,0,0,0,0,0,0,0,0
4895,D,YOSHIDA,Sampdoria,2,5.75,5.75,0,0,0,0,0,0,0,0,0,0,0,0,0
4896,C,MALDINI,Milan,1,0.0,0.0,0,0,0,0,0,0,0,0,0,0,0,0,0
4897,D,PIROLA,Inter,0,0.0,0.0,0,0,0,0,0,0,0,0,0,0,0,0,0
4899,D,SINGO,Torino,0,0.0,0.0,0,0,0,0,0,0,0,0,0,0,0,0,0
4917,D,PRODL,Udinese,0,0.0,0.0,0,0,0,0,0,0,0,0,0,0,0,0,0
4919,C,BALDURSSON,Bologna,0,0.0,0.0,0,0,0,0,0,0,0,0,0,0,0,0,0
4921,C,ASKILDSEN,Sampdoria,1,6.0,6.0,0,0,0,0,0,0,0,0,0,0,0,0,0
4923,A,COLOMBO,Milan,2,5.75,5.75,0,0,0,0,0,0,0,0,0,0,0,0,0
4925,D,CARBONI,Cagliari,0,0.0,0.0,0,0,0,0,0,0,0,0,0,0,0,0,0
4929,P,CIOCCI,Cagliari,0,0.0,0.0,0,0,0,0,0,0,0,0,0,0,0,0,0
4934,D,LOVATO,Verona,3,6.0,6.0,0,0,0,0,0,0,0,0,0,0,0,0,0
4935,C,LADINETTI,Cagliari,0,0.0,0.0,0,0,0,0,0,0,0,0,0,0,0,0,0
4938,A,MORO,Lazio,0,0.0,0.0,0,0,0,0,0,0,0,0,0,0,0,0,0
4940,A,GAGLIANO,Cagliari,0,0.0,0.0,0,0,0,0,0,0,0,0,0,0,0,0,0
4945,D,CALAFIORI,Roma,0,0.0,0.0,0,0,0,0,0,0,0,0,0,0,0,0,0
4946,D,FRABOTTA,Juventus,2,6.0,5.5,0,0,0,0,0,0,0,0,0,0,2,0,0
4950,D,DALLE MURA,Fiorentina,0,0.0,0.0,0,0,0,0,0,0,0,0,0,0,0,0,0
4953,C,PALUMBO,Udinese,1,5.0,5.0,0,0,0,0,0,0,0,0,0,0,0,0,0
4955,P,GORI P.,Benevento,0,0.0,0.0,0,0,0,0,0,0,0,0,0,0,0,0,0
4956,P,MANFREDINI,Benevento,0,0.0,0.0,0,0,0,0,0,0,0,0,0,0,0,0,0
4957,P,MONTIPO',Benevento,3,5.5,3.17,0,0,0,7,0,0,0,0,0,0,0,0,0
4958,D,CALDIROLA,Benevento,3,6.17,8.17,2,0,2,0,0,0,0,0,0,0,0,0,0
4959,D,FOULON,Benevento,3,5.33,5.17,0,0,0,0,0,0,0,0,0,0,1,0,0
4960,D,TUIA,Benevento,3,5.25,5.25,0,0,0,0,0,0,0,0,0,0,0,0,0
4961,D,VOLTA,Benevento,0,0.0,0.0,0,0,0,0,0,0,0,0,0,0,0,0,0
4962,A,IMPROTA,Benevento,2,5.75,5.75,0,0,0,0,0,0,0,0,0,0,0,0,0
4963,A,INSIGNE R.,Benevento,2,5.5,5.5,0,0,0,0,0,0,0,0,0,0,0,0,0
4964,P,VICARIO,Cagliari,0,0.0,0.0,0,0,0,0,0,0,0,0,0,0,0,0,0
4965,C,MARIN,Cagliari,3,5.5,5.67,0,1,0,0,0,0,0,0,0,1,1,0,0
4966,D,GIGLIOTTI,Crotone,0,0.0,0.0,0,0,0,0,0,0,0,0,0,0,0,0,0
4967,D,GOLEMIC,Crotone,3,5.67,5.67,0,0,0,0,0,0,0,0,0,0,0,0,0
4968,C,GOMELT,Crotone,2,6.0,6.0,0,0,0,0,0,0,0,0,0,0,0,0,0
4969,C,MUSTACCHIO,Crotone,0,0.0,0.0,0,0,0,0,0,0,0,0,0,0,0,0,0
4970,A,MESSIAS,Crotone,3,6.0,6.0,0,0,0,0,0,0,0,0,0,0,0,0,0
4972,D,VAGIANNIDIS,Inter,0,0.0,0.0,0,0,0,0,0,0,0,0,0,0,0,0,0
4973,C,MCKENNIE,Juventus,2,6.0,6.0,0,0,0,0,0,0,0,0,0,0,0,0,0
4975,C,ESCALANTE,Lazio,3,5.75,5.75,0,0,0,0,0,0,0,0,0,0,0,0,0
4976,D,KALULU,Milan,0,0.0,0.0,0,0,0,0,0,0,0,0,0,0,0,0,0
4977,P,RAVAGLIA,Sampdoria,0,0.0,0.0,0,0,0,0,0,0,0,0,0,0,0,0,0
4978,C,DAMSGAARD,Sampdoria,2,6.0,6.0,0,0,0,0,0,0,0,0,0,0,0,0,0
4979,D,AYHAN,Sassuolo,3,6.0,6.0,0,0,0,0,0,0,0,0,0,0,0,0,0
4980,P,DESJARDINS,Spezia,0,0.0,0.0,0,0,0,0,0,0,0,0,0,0,0,0,0
4981,P,KRAPIKAS,Spezia,0,0.0,0.0,0,0,0,0,0,0,0,0,0,0,0,0,0
4982,D,ERLIC,Spezia,3,5.0,5.0,0,0,0,0,0,0,0,0,0,0,0,0,0
4983,D,FERRER,Spezia,2,6.5,6.0,0,0,0,0,0,0,0,0,0,0,1,0,0
4984,D,RAMOS,Spezia,2,5.5,5.25,0,0,0,0,0,0,0,0,0,0,1,0,0
4985,D,VIGNALI,Spezia,0,0.0,0.0,0,0,0,0,0,0,0,0,0,0,0,0,0
4986,C,ACAMPORA,Spezia,1,6.0,6.0,0,0,0,0,0,0,0,0,0,0,0,0,0
4987,C,BARTOLOMEI,Spezia,3,6.0,6.0,0,0,0,0,0,0,0,0,0,0,0,0,0
4988,C,MAGGIORE,Spezia,2,6.0,6.0,0,0,0,0,0,0,0,0,0,0,0,0,0
4989,C,MASTINU,Spezia,0,0.0,0.0,0,0,0,0,0,0,0,0,0,0,0,0,0
4990,C,RICCI M.,Spezia,3,6.17,6.33,0,1,0,0,0,0,0,0,1,0,1,0,0
4991,A,GUDJOHNSEN,Spezia,0,0.0,0.0,0,0,0,0,0,0,0,0,0,0,0,0,0
4992,A,GYASI,Spezia,3,5.67,5.83,0,1,0,0,0,0,0,0,1,0,1,0,0
4994,D,VOJVODA,Torino,2,5.5,6.5,0,1,0,0,0,0,0,0,1,0,0,0,0
4995,C,SEGRE,Torino,1,6.0,6.0,0,0,0,0,0,0,0,0,0,0,0,0,0
4996,P,PANDUR,Verona,0,0.0,0.0,0,0,0,0,0,0,0,0,0,0,0,0,0
4997,D,RUEGG,Verona,1,6.0,6.0,0,0,0,0,0,0,0,0,0,0,0,0,0
4998,D,MOLINA N.,Udinese,1,6.0,6.0,0,0,0,0,0,0,0,0,0,0,0,0,0
4999,D,OUWEJAN,Udinese,3,6.33,6.33,0,0,0,0,0,0,0,0,0,0,0,0,0
5000,D,MAGALLAN,Crotone,3,5.17,5.0,0,0,0,0,0,0,0,0,0,0,1,0,0
5001,C,MIRANCHUK,Atalanta,0,0.0,0.0,0,0,0,0,0,0,0,0,0,0,0,0,0
5002,C,VULIC,Crotone,2,6.0,6.0,0,0,0,0,0,0,0,0,0,0,0,0,0
5003,A,KARGBO,Crotone,1,5.5,5.5,0,0,0,0,0,0,0,0,0,0,0,0,0
5004,A,FORESTIERI,Udinese,3,5.83,5.83,0,0,0,0,0,0,0,0,0,0,0,0,0
5005,P,ZOET,Spezia,2,5.75,3.5,0,0,0,4,0,0,0,0,0,0,1,0,0
5006,D,PICCINI,Atalanta,0,0.0,0.0,0,0,0,0,0,0,0,0,0,0,0,0,0
5007,C,ILIC,Verona,2,6.25,6.25,0,0,0,0,0,0,0,0,0,0,0,0,0
5008,C,EDUARDO HENRIQUE,Crotone,2,5.5,5.5,0,0,0,0,0,0,0,0,0,0,0,0,0
5009,A,RIVIERE,Crotone,1,6.5,9.5,1,0,1,0,0,0,0,0,0,0,0,0,0
5010,D,ISMAJLI,Spezia,0,0.0,0.0,0,0,0,0,0,0,0,0,0,0,0,0,0
5011,A,DRAGUS,Crotone,3,5.5,5.5,0,0,0,0,0,0,0,0,0,0,0,0,0
5012,A,MURIQI,Lazio,0,0.0,0.0,0,0,0,0,0,0,0,0,0,0,0,0,0
5013,A,ASORO,Genoa,0,0.0,0.0,0,0,0,0,0,0,0,0,0,0,0,0,0
5233,A,MAYORAL,Roma,0,0.0,0.0,0,0,0,0,0,0,0,0,0,0,0,0,0
5286,C,AKPA AKPRO,Lazio,3,5.75,5.75,0,0,0,0,0,0,0,0,0,0,0,0,0
5287,C,ARSLAN,Udinese,2,6.0,6.0,0,0,0,0,0,0,0,0,0,0,0,0,0
5289,P,CRESPI,Crotone,0,0.0,0.0,0,0,0,0,0,0,0,0,0,0,0,0,0
5290,C,ESTEVEZ,Spezia,0,0.0,0.0,0,0,0,0,0,0,0,0,0,0,0,0,0
5292,A,LAMMERS,Atalanta,3,7.0,10.0,1,0,1,0,0,0,0,0,0,0,0,0,0
5293,D,MOJICA,Atalanta,3,6.0,6.0,0,0,0,0,0,0,0,0,0,0,0,0,0
5297,A,LUVUMBO,Cagliari,0,0.0,0.0,0,0,0,0,0,0,0,0,0,0,0,0,0
5298,C,POBEGA,Spezia,3,5.67,5.67,0,0,0,0,0,0,0,0,0,0,0,0,0
5300,D,HICKEY,Bologna,2,5.75,5.75,0,0,0,0,0,0,0,0,0,0,0,0,0
5303,A,MALES,Genoa,0,0.0,0.0,0,0,0,0,0,0,0,0,0,0,0,0,0
5304,P,BOER,Roma,0,0.0,0.0,0,0,0,0,0,0,0,0,0,0,0,0,0
5306,P,ALIA,Lazio,0,0.0,0.0,0,0,0,0,0,0,0,0,0,0,0,0,0
5307,D,VALENTI,Parma,0,0.0,0.0,0,0,0,0,0,0,0,0,0,0,0,0,0
5310,A,HAUGE,Milan,1,6.0,6.0,0,0,0,0,0,0,0,0,0,0,0,0,0
5311,A,SHOMURODOV,Genoa,0,0.0,0.0,0,0,0,0,0,0,0,0,0,0,0,0,0
5312,C,LEO' SENA,Spezia,0,0.0,0.0,0,0,0,0,0,0,0,0,0,0,0,0,0
5315,C,PALUMBO A.,Sampdoria,1,0.0,0.0,0,0,0,0,0,0,0,0,0,0,0,0,0
5316,D,AMIONE,Verona,0,0.0,0.0,0,0,0,0,0,0,0,0,0,0,0,0,0
5317,C,BRUNETTA,Parma,0,0.0,0.0,0,0,0,0,0,0,0,0,0,0,0,0,0
5318,C,TRAMONI M.,Cagliari,1,6.0,6.0,0,0,0,0,0,0,0,0,0,0,0,0,0
5319,C,SOHM,Parma,0,0.0,0.0,0,0,0,0,0,0,0,0,0,0,0,0,0
5320,P,PALEARI,Genoa,0,0.0,0.0,0,0,0,0,0,0,0,0,0,0,0,0,0
5322,A,MIHAILA,Parma,0,0.0,0.0,0,0,0,0,0,0,0,0,0,0,0,0,0
5323,D,MARTINEZ QUARTA,Fiorentina,0,0.0,0.0,0,0,0,0,0,0,0,0,0,0,0,0,0
5326,D,BUSI,Parma,0,0.0,0.0,0,0,0,0,0,0,0,0,0,0,0,0,0
5327,D,OSORIO,Parma,0,0.0,0.0,0,0,0,0,0,0,0,0,0,0,0,0,0
5328,C,GOJAK,Torino,0,0.0,0.0,0,0,0,0,0,0,0,0,0,0,0,0,0
5329,C,MAKENGO,Udinese,0,0.0,0.0,0,0,0,0,0,0,0,0,0,0,0,0,0
5331,C,BASIT,Benevento,0,0.0,0.0,0,0,0,0,0,0,0,0,0,0,0,0,0
5332,D,BASTONI S.,Spezia,0,0.0,0.0,0,0,0,0,0,0,0,0,0,0,0,0,0
5333,P,GASPARINI,Udinese,0,0.0,0.0,0,0,0,0,0,0,0,0,0,0,0,0,0
5336,A,NZOLA,Spezia,0,0.0,0.0,0,0,0,0,0,0,0,0,0,0,0,0,0
5338,P,RINALDI,Parma,0,0.0,0.0,0,0,0,0,0,0,0,0,0,0,0,0,0
